id,hash
balanced_3771_25dbc8a7,37bcdaa2338b736c29c935aa00169c0edc374d547370fb4e774b242a6cafea92
balanced_6672_b830fa3b,382450320b1c07088023f2d22633f530bbc532428764d43100993ef9adcf07d3
balanced_7261_9905de3a,c5ec755098b011c002474cdedefab598e45fbcd203f01436d467ab1f3c15638e
balanced_760_f4ab7158,af826087ef8973c6a29c2aba0505297b5c8fda69bdd1f9fe1ec7c69a35428a55
balanced_3779_3d31a8b0,223af84eb0d3df389cb1fc344a485483f3bedeebad08997773b6ddcd05d57a0a
balanced_1772_952ede72,ee35d66c75becb4fbdd9dab2136a6df516a21f12fde1fa7a3ed073c32bcf732f
balanced_7509_dc087e99,02b7468ad1aba513ca219e5e5385395245d6001be9e43b5b53193071d215ea06
balanced_2679_347c04fd,274c10f11d585ceb2ebad688d59b81fe54f0bc07f5a830427d1f86a2a88329b9
balanced_2305_5da1b3c9,a6a46e46ff2ed7a36f99ab0d766101f1aa44ef13d21f5b8fecc080eb7860c62f
balanced_9215_b0fad9a0,510ff16d4c7485c4d9948e7030cf2656b14896d4720384b69627b648b3d61076
balanced_3625_fff26cf4,be455d4e1642f4a0208b29469de3a021148b9e187b8f510e61059230a3b9c29e
balanced_4236_bf245036,8a1ce3bf0bd9e246b86fc96494f20628c41c7e849fc8480b39f01953b3c76872
balanced_9005_9e455e1b,757ec35bb90c9028b0bb9983d9fdbdd480cbefd73f616792be76aa5f0149f98c
balanced_5924_e555b76b,f57cd39608700a4a4de7f25d8a028f36a29627845a324e26d60560cd2820ba88
balanced_3093_d67c0707,bcc8eccaa41793c92783ffbcb45f1ef03b107fac61a5c5ea1b9d8dbe5c713e7b
balanced_7590_141678d0,be1be3a2239766c8d970387565f6cfedebc58821474c882a659a4f3663d5798d
balanced_4736_bebbdcd6,c878a40401f5ec0d500dc0ea163e852ab0beccbac06ededff10574df34ed3b39
balanced_4366_99bf698e,a16c651f179ba62d3482d1efed2aea362cf91ac2dced9300f63bd9e7ffd545cc
balanced_4056_700a84ea,7c4561d9a866b8c1280a69dad2662200ffc628febb67fc16f21c99296cb05093
balanced_4178_b0d532aa,da3a9fc9b4b5dd33aa8f8005e11801bca0b0303a97a6924b0c66b0fab72b9f0d
balanced_1287_a20c75ec,487d08dac90193a48a44359b10e4b8c96dbc182bd98687a0e98d59e88650c4c7
balanced_8343_708f5ca0,5376d33ac26b6100dad7df9de31cac61c3fc96dddf07bffcd1c1216f4001d71c
balanced_4623_3f8fd6b6,b29ed270b3ade86961d797e9fed196c6e79606b94ab6b6ee06e27394939de18c
balanced_2066_235979f2,2ceb0dd435f95471a56ab031a8c3632a7a5221b812d4ddc713b52c4a689c2e8a
balanced_9099_b409f144,c5865378ffcde5efc66ed8392b2f20b4bcee55617d929e411d7852c4e0914621
balanced_5950_02132b65,70dd0ac64101fbb95b8ab994a808248a7aa4ec9b3a8a46713b0f3a313dcbabc9
balanced_1547_d39fb53e,28bd5be48662e80c8dbd0694d14b14f5b4b21c882191d69e792b19a1eae9f294
balanced_7599_b203da19,4b810b59eb76809f102375b59314201d9565033cc6f39a83699ddade44e709c3
balanced_313_fe6daee5,d8e93f910d58552f5cb1d6bd4d009079eaf0179eb5959e3f95ff77f95a63ab1f
balanced_8321_5b5e0dbb,15c1ca6ca830c2f5d0ddccd207558f17ffb114ea768c266dc42425209644c69e
balanced_3916_b23cd9d2,0c36a8920c919298b946db91471f2347655fb368e6835fcc10f5746ceadaf83d
balanced_5943_41792ee7,4388f30632d7fddf24acf24e4e85a23008b31c0bb5b8cb9bd969fd47d9f764af
balanced_3162_fb2adf46,deec8f74b76a8cb1af5c379d93d49610ff2d1826cb194e24f101a7057b0b0131
balanced_2010_e2423afc,af4eaa2f4c6e1780632c672e5bae290d42f4a1f9df38175b96ce574690b9ab93
balanced_7296_4c8b73d3,ce54b9a5075bc3e7a284748c19c02f9dfb7153d035b0af2dbcf09f7b6431b557
balanced_4163_22d392e4,b9348e81848a910c9784ea7aa4a2352c5abfe109f00a7586413a8c5960fec4dc
balanced_8426_5a8b3cca,d4faca332a6b80d897b2754bea7c45a447f671f8333ae47c91ff56311a8d836e
balanced_4080_5ccd8bbd,4dad18bc61586279b2dc43afcb5038e5202f276d673d7513fb30f76f79e49f2d
balanced_4026_92f7f1f4,fe7541ee50058d3fe36cf3823283d3eaa8d4ae3b0aee54b870e1527214881a1e
balanced_2345_11299976,4af21ac1abbdcc44712c6e68adf735a3a782ac1db44f2b009d378abd460e22f6
balanced_324_f5ed3222,15483d3c4d58572c2c89a3596dd955b0b2b81cd9a16bed6268b32b362445a063
balanced_2733_39a01c09,839101a3bac1e046f5910fe5d3acb6fe351517b053d13f7a902bd08483beee9e
balanced_704_76d1e67d,c70afbbed2045f913cee06ffd1aef19fff9025544300d1dfb8c47d9260cb6827
balanced_5877_46f192b2,d34121f2677900ab862c1aad6527a11be46e9d473baf2b2ba63776174f6f6563
balanced_7875_61a64a5b,2dc4c0730e89bd025ae0256101d8034d5dce50d128075f8fe3e2d19e4615c933
balanced_1651_b531e7e4,ae83bf9f7400e72ec43fbbbd19143dcccd4272dea191947a6b92e4eb3f8c9992
balanced_585_5a624864,42f83ccaac2f4af56a8dbe2b0c32fed7cb962f0299845447d141cfbe6058b344
balanced_4625_c5a804b7,687e69b6cb4b0db7b70d27fb950fd0e4a1b56a8e5641e7178f2165f7d84f28c4
balanced_3939_2be4cdd9,98c2c5604c81d42204db5c54f6b0a8af4ec61022441fc1a3e0b3d60d7d09b555
balanced_1603_4c978425,c383c4f5c3e32864362ec93c1fb96ed01e65952cdbf848099742c8bf33fa7fb3
balanced_5581_da856c43,f8e145e13391e24efef1fc9bf27bdd9e62150993bb4e8e16ecb04febd20c3109
balanced_5459_4106e4f6,dfaa1054bd6ab965d0be9aaf26dc1db080ce71dcc4360557c649e410e36262d6
balanced_4165_178f79d6,cbc8e8af601b512166fa117dde14e3748643cf96345ea02052a9d881e1a1bc69
balanced_7796_24bafdf9,13d8c80a3939b1077b60c7fba2da101e7c9bd68191ceb018216f77563ffd0e1f
balanced_5112_44c0c2c7,f0239cf78e35cdff18a9dc50c480925baab8bedf4b5c9d4e3f3dbad8182b5a8b
balanced_6700_70740183,58ecf0399e0acd1dd3b184a5c6c0bc5516576404832cff535503a85476d7263b
balanced_4531_f7291e0b,df86423080b752d1b44486772158d4c863fc7b58c6e82ce79f5244dcb261ecbf
balanced_9223_a2a4f02f,9addee81e6631500d3f620ffa91acde587cfd79d60b6c6b5eb4b5cd913d0dec9
balanced_1241_29de137f,78c2c9e907e68c452fbf69cd4b44a5192d484b6dd4790ee1e74bcff6a01e459e
balanced_5250_aaa96ae6,c1ec9da40e46d5c2c0ed92b703ac0dd94703301e05cc6126b2a384620a2cb9a6
balanced_5045_1b4334b6,398659e1df66f7dc38aa6e971b702c58b659eb0412d2939cf93dd2017233fe16
balanced_147_9e627ba7,2c8c9334403086062dc1ad6e666702d5968c8523416366e05b834637538e2b42
balanced_2263_ddd098fe,7b238f85913476f5c2b413ffbd69614402e6e424b51a3c2e1e0a400758c19306
balanced_5451_70f1350b,6d689cebb3452c4ee89822918c67608c66604a6ea9fb985064a289b2623a59af
balanced_5346_8ddc3044,683d259a06f62eb4ea949fcef3d8b76e3c83816f18829b3e29e1e0730f022cde
balanced_4259_4e536027,8105f5728c35d51d452067a7d76767ecf8a9fb3d23d7093ae24ac3868e2631fc
balanced_5360_62e9e623,c14e39755cd00f6cb02854098a15da66d647b5e5da5385a66a40e5709cd66b60
balanced_1721_934206c2,e11bf337dd3f8d252caba449679686f2471535c5af15e7e08b1daea2544d1425
balanced_3229_a5d1076a,7464c1e9be86fd0efd55398198e32a4e56ee7587e441f52485371c109eebceeb
balanced_8478_4b484941,94d4146abf9067822d1b15f73cade889ea91f7ce85a71b39788312c5355090d7
balanced_8262_91955de5,e7166d20183e8a71dfa9c89673fcbc783b806f560a367f839ee98eb68d4c4bbe
balanced_3462_b79a96c3,df1346e1867390e8b5fab1c23d64c72365661f9b3d6a0a9d29dd0e7ada7aa61b
balanced_9136_30781c67,d70f75548d7c338ce26437acf6ddc540897a2ce3ca30c6eea235326848f25902
balanced_1995_c861b496,f326b5fa014a60b26eb6e2d04d9fff5f63484d8970c45fcd4c3c8ed5b7074f62
balanced_3286_5fc23b31,53f420570f7fcc901df53b58653ba37d4ec6f9b589f3e6ce396a6e5e847e94f7
balanced_3463_16738193,ac81855bbf58074e1e907964f57aeca36465f31b04a10d80ffbd300f1e31e8b1
balanced_8498_92866be1,69dc4c9d34fa26f567d341d6b62b5a6c407d8f307afd79c7538398a695d966d1
balanced_7617_ee826c8e,6ad88306f05ba744b13961beb34996c3a7e344cf4727bb93ff018a680e1ccd24
balanced_7675_e10d8dfb,3429876608cd7064d034e3cb435d34ab1528ec564bdc7f9400c02d2d74a8ca2f
balanced_6028_43a621b3,8f6e4154613525e3dc7443a52159c705251f8807144580a242922518140c964d
balanced_7190_00cb7754,f87d12c8e5012e6f19afcbe873e5ef49e34451d43bee08abc441fe2f80c99196
balanced_8589_ae82d32b,2884c964da156b29213324083d2699cf86b3bb7fe4cd20b2cc75c7abc863cb63
balanced_5136_c9dab6ee,a0b3ca26e0bca6805a897610bad1688d0c3053cf97d6a919dff4eb528c4b3312
balanced_4958_7697b8ee,8829dabe808e8a6728176a00f280461a754f7818cf8f8e4f4dfbb8a5551ef7c1
balanced_7093_9396cca0,f7b5302a8ae5acaea9c51bc41b36994f1c747578b44c2cf2ab645ab52d1ecd74
balanced_3035_5769485c,f2124eef392e6c40da3c845a61b719167746b6edd6b53d148f786e7446befb83
balanced_6293_9e384228,4921fee859fd6c748f66316c6f414c306ee3388add47df0472df64d54ef7a048
balanced_6488_f569d6dd,44bf7e731c2fe47e5a3b8cef23a047b70a4d3d729cf43780f274972ceb6c3959
balanced_1185_2e2e4865,57624a2325416ca07e01fedbf5e65e393a0678eaf9d98282dcf19c942889129e
balanced_516_bc4451ba,1b5f17b13e97bae1cbf7fe43fbde7431a0c9c9b57a419bc90f533903cc4dd1b1
balanced_4749_873c5556,7c31e420787d4a3d4d7f669d85b1d6529a97d12db7ae142dad62c2cfc2557f0f
balanced_1062_8e2325e3,b1a8b6ceb65c4ce60dc3576705d8ea46e2e8d20e9f552f81b54f29365e2d76bb
balanced_2919_2fdcecac,a497ccd594e15a41e1fa0d6ab19b7e6540a08b53c70323fa2f77e897f8f8d74e
balanced_1400_d079dca5,35d5f7a61ea43cbc435ef8e50fefc78e03f1eea23e12654bff87cabf8d92eff6
balanced_8487_fd7e9b89,6075dcbeb7cb43ccdb8249d382dee9d1b1d3072f7211a16f88f982107e0a649c
balanced_8310_f5b6e1c2,255a0796ac451e1f66916a7e300ce6fe4dadcbf4c7053cb51865218d580345d6
balanced_3002_a3f8497d,54fd81816b0f3c7d0251bff57ed7eb498801681097d63198fa617ac601bcaff3
balanced_5002_b99c4e6c,c8406699b994f79b733169f3d8f00a42149bdf0f4b91437dbd6db9bc9555369e
balanced_3205_24abc295,6181355446412ed32e4d194d975471902033897b96bfa0df883e15b410fbfbdb
balanced_5880_617a6c54,690d1c3f537b0510c7b77f92fcdc4783de4ec64326e3a590b39c41513e978959
balanced_7142_988ae6e3,ad951beff7959519527886c5311b7da04bb7b9527fcebd0421ee0f7e24811abc
balanced_5857_e964bca4,2cc673817f3b38b6904aaf9bbbb4b6183af778b5d77cb29edd5efd9ad8ad7b11
balanced_6401_1eb51681,d192ad913370cea50e907ce9043e702bc9580518e38bd7d7b6b961b4dba6a55d
balanced_4172_a0347b18,7b63b8ad1cbc3b3f3fdc925dee4e81b645b1138a3b2a202cc34941ec095c9203
balanced_2059_bf94886e,78bc554d37638de4b3d4b7f0a075afe173e13a6463d110046e976edd3aacee83
balanced_5616_be91ccd3,27efae821825e9a60611dbda7214cb6b854d68c03f82babc09c715b4272e6e9e
balanced_6296_b3063bc6,835e9853012fededb40ce49d3f2ed3d63fe47df43ac420d143e026bded589019
balanced_8168_b6bf683e,a71b42db80d9eb162a73ed232bf6d4b0ace6948571c864f0e983ea505e53251a
balanced_6602_88f63265,38bf0fee91a164c852219dcae6498a3f8a86d7daf51dd09e764cfb15ddbb724f
balanced_5069_9c907595,b2d9e2f35d4e87a78a3800ad9a5cb4ea99cecd3c7660c8e82caac0ab199054ff
balanced_526_4ba24282,ea21782ad60f23923e8918b97d2a197597a83d7806ab36809101e9216fb4df8a
balanced_143_ebc5f767,95e45b7fe015a8c346be87708bb20c65f8d698232138f235bd34ed4ce471054b
balanced_9709_5140485a,4b3dca6b8c700a58b8d912d0498804bc3c2d6fb49cc93df1e40b801d112e6508
balanced_4343_b7162d37,56d06833356d2d2edb0e1ccd2323d240defda282f55b2e0715871af8a2a1747b
balanced_709_8a3c64ee,06ca5c8059d90abdcabbb7b468f3082333e41ff047f9326c82533bf311ef1276
balanced_477_bcae5ce5,b91a26f70b0ef4f51022cc69c559afbb5601299213765b34de045adc22f681ce
balanced_6080_147e85e1,f61236cb66cf1fe4cfb800c08c65717b654a938b2712af479c1e61c624a6c857
balanced_2966_4bf66e61,200ab54e5a9f47cc702eb190d319f3d7a4d4a182c14c532dd2a37547999c2ab4
balanced_5471_05785dea,1522eff934e3c79c191554b4e2d4967ee52d401cb54424df3eaa7611e31b0fe5
balanced_3015_2c77d1f5,8fcf4716477ec851eb9b0c35811db87011db38c1c0f245d78855a6a9ba99a67a
balanced_6742_9adad524,d6161495e17525a8828fddb1fb84acc125db9a379c40444ce93e227b5f590f5c
balanced_6231_787d990c,aa2480131fd008c03019a236486b46dc0ada499471e5bc5b8a120ca345008d08
balanced_7457_2a131869,c2aec9fcee9c986874230f6eaf183e5e20eecbe851ce7a2d43e4e6bd0dac16a2
balanced_8858_3f318646,c8b462265f0dd5755107791129f92b3956be8aa3ba1a0934c0f8f1b57d03eca2
balanced_3327_abfd2f0f,98cf3620577b0e496d24425b3eace08629f6bf9ee64ebc4e229fb3b5ff76442d
balanced_6975_d5c46e27,2ef93fd32e01ac02a429122aa2ed67d5f3822c8ca1b0cfae4ef57f65b41326c4
balanced_640_a625492a,d29d1372f32d1d9d7e36fc6358fd01630506c3277ac406448af3f4e4bf1e31c1
balanced_1161_f5471d37,32c5037f368f23152c61a4fb23a41dcc14393af2282e70a223e2a0845094116d
balanced_6378_5462704c,31997c586370bcb84fec81e8eb6e5f3c3d46d70568a785faf52420254481a778
balanced_6245_866d5f09,e2b9380d0fd38cd1563301799887b23ca3fdc39d054a56d2715c3ab8ce53343b
balanced_8493_ed9183e6,d78a24b0eff8ec1324371300fa81f58e434d79aa0fd65ab2192b9ac257633e5f
balanced_959_da7180d6,d03dd8476c2e06abfd7a2693af1ec791ed09d5f096d54c9b8c4ae30477c0b7c7
balanced_6383_0de2fc99,0046a30c0b8041cdd1314b05b01859a5c527c70439eaf4523361c25c4aa42ebf
balanced_4447_b7eaaf4a,4d3adfcd9187922dd1ac09c75b6e5ea29fbe63412c89e0ab96a97424d2527bb3
balanced_3640_53b3d6e4,4a4eaf44458cd1ec646b4cb60af5a598ddcccab6e016facdc4ceaeb2a7f18486
balanced_281_4e4432fa,fab52a876268636e61f431f02983025dbda43ef53ca80f7ef14047ed9d28ee49
balanced_6944_39f52c4b,53a4498dbe0c2ebbd9aaa557f6ff5c5e047d7f963e352fe602f650658ee34732
balanced_9318_97233fbb,220c73e60190d184fd6239d60aee954b1d5bd339a2bca0492c47acc5b8a36490
balanced_4423_a3546dca,8ba32171db05bc0c8497b504f669f59145d5bf85f608b3b65f62128e7f41ce86
balanced_7983_a2a87269,38e6d8e6ce1beb19b008097fd34515cc72986f1b4b28af017c2f2b599ec0fa09
balanced_1243_4ef5e2c1,3a3417b14ebfedbc2736b687a2f5fa12f768e292549b97fd3fec5d1d0622874f
balanced_3535_f8379308,86feac01bcf88c71cb1fb2cd43d71eb2e88fa5ea9b2e9d1821dd3a341d14459f
balanced_3422_aa9a1710,d81a666548d7ce5e581b70c7188dbbcf7c5205f5b5f4984cee032d9342a0a092
balanced_4909_2f795d19,aff3c3fb7a33aed51970987a5b839c014a2cf015f4f2c125996bb3963a392fbd
balanced_9247_ce8b638d,6699932e66f6fe0ddfb0555d256111e14417a0dc3a152c2c3608bb6bc10cf098
balanced_6656_a5d3d60c,da10309c5c796ce1a872c4eb9a22f8ea89040766c691feb725439a920b89715d
balanced_4025_07bc4d10,1f0611dd4359b73f7750e757f836e01a19afbf11010a0e83891e99b9ed13e640
balanced_6289_0429aa32,bcab45895b21d9124d093461a1c9d8740a15cffee5af561a0bfb121a3c5dab81
balanced_7896_74d0004f,b1be6dd5d42a8a2e32a356b0a37cf7d386fb581dae02daade11929172d4e1b91
balanced_4443_53640741,efb6e3d2e779308eb18b0267bab2c36f675622957dfc3f442839b35356c9836d
balanced_3859_9ab62d90,104f1177439920c6fd2738dd829d5aa708829ee843d15406e55de7dfdd0162b3
balanced_4933_70bb2f9b,a14f9044c0721abeafd0cfb3e6ed08dbf5150fd5c41ad2793b674900b740ed1d
balanced_5034_132012d9,46401d42025035162050b2a5a06dca51b56e64d72314d3784c388223447442f9
balanced_2745_c5092c70,98ed7bc34f2ca320cc80a70d69c8154719f951d604dcd9f0dc1f18e7a6a1fead
balanced_361_7bab873c,db01b1e6931fa6192553b08dc8efd4d258cacefc83a92e0537da2439e2bd56c2
balanced_9529_4c25dd4a,f0135b8f84cc0c5ce5c2bba5913f910a51724edf15322d14deaa02b470655f84
balanced_7871_b9618bb3,a20e8be88aecb47f13fa5cfab91289a5c7e21642e1b5413bcf88da41988e7e0f
balanced_7294_f4fcfbc1,878f1dcaa6643feb9553636f1855845854b41183afcbfe88acecf40b274f5847
balanced_9474_0004d6ce,524bba512a98ef3368fae31bc292416942fd59b89671444d65bb10d70d316ab2
balanced_7005_8b9e4eca,b65f4d24a66769bedbda22480926a6535e70f20a942ee07bd1613c0c68b72122
balanced_9804_e0ce9962,529aa7f6f7700745834d75b26baa8bca4d9a32b3305b7c209db9e8ecef4e1c16
balanced_5444_27ffd0b2,6fcf8361f97e6cd5a7c296da1c24a11ed7c9fe76b5513d7298c5a94f3c0f9d90
balanced_169_42025f76,9300aa0457bd36f40f334b576c7081bade7b9cdcc86ffa43c39f2b5a6cb33366
balanced_82_a7253827,73684a6987741d167c6e203a9373e8f602db0a2bbdddbdca16dfa235740f3122
balanced_9696_6ecf3703,64e3fc334ce099667a0c99e070662715428788cbb9ff5f2b6ba059cee768a6fe
balanced_572_be0df2b2,89a368e2b7059b3de8bca684683128d8c5b82b317b05e7ef381c1677fecc73a8
balanced_4908_cf741b3e,d2294a507af21240715bd371c0e4d454e718898035087307ca611aa70bee09b6
balanced_3914_ef687725,9ed7d85c642020db05007ff109b4b097687c68202d970145e744b218ce8b2f9b
balanced_6190_3771a4ab,ef1660b90314dfc58c9e4de77097f051baf87d871ce0da7a6b3e29a79f6bc85c
balanced_7035_fc007fb4,d1196b15272a485e6506981fa804ec639296df8faf9e6c73d2ed7895b1755607
balanced_8076_cde0186f,5a82aa7482208dc32d367b8a185c9ad4696388f4d4141c561f7172fa54953cb7
balanced_7960_a881966e,92970dee8803b15e809722c67ed9e1578fac6bbf5d77494d90f00fe6b3191b52
balanced_9472_02439252,d12579ed0f8b02f2cee6c6af63230413f9c9807497c949ac709e7fbbcc6528ae
balanced_9871_ce1da2c8,1ff49615175d23a40ae870a276b122820dccffebcff51c29f2ed2c243e1e16f1
balanced_383_1aba8c74,d2b3857f58587231550a6d9a14db6674695a0cdd1cc877a2f9ac80e14c173a75
balanced_4179_86463f40,38cfbc6acda252373d00fac3a775edeace7c8ac27c4dc34ba512b8a44943a44e
balanced_7591_c7a5fea9,328aa4696159db2161a6ec8bf0bedfa4d632eb866ea9f2c3c14b639bac0ded24
balanced_2464_7d10416b,2a04436e8b4e7aec1f506fbd4e2972d318ddf9f29f86694bd9a297bfb2074423
balanced_8999_c88f03dd,a710ecf6c410829aa9c5605de9cb28a6b07f7c00d49fad7bb3151b00a9283955
balanced_7783_31535919,b2e59dba17f7ea4799a380f7d5bfa7bd839aa76ddc68b04203cc416922109fc6
balanced_3206_5f4bd641,06ab6eb3d4776a1f16608e729e5236009ac50106c862996842f5b5cda19731c2
balanced_3452_9fb45b12,45d09b77fa012ee0abab7758d207c9e678dfabd5c78265d611382545e0d54055
balanced_418_0bedb2b1,3cd209d5e9eac4bd21b0cc1a055b6d28110a24c944aaf2614afb117b77c1c32e
balanced_2071_f68eb9c0,cf4e29bc4513393b15fb0742c4024ac237e71676ef98aa685bbfa169379a537f
balanced_4037_461db1f2,2a8a6ae8efebec4b111a87fcf3169d2d1d0c040cf4281e5b6873a0a028b5dcd5
balanced_4145_cc219bdc,c4abc85f13c6bc7ca5fca4b0f4d21921e32ee77bdbf1b00626082392804517a1
balanced_4630_6b8b8f77,ad60aa7db349a51cc5fa8b88377801374d094cc8f7315a434636d5f8423a8f5c
balanced_7165_4485792a,bea5c5bb60799cb7a89afe2ec0c78a4ecdc6fed50b8058ed90b32e14840e3398
balanced_9961_0d3bf310,cc456a7cd7e911ee4cc49b5c0896d793b679f3d417a96a23641b09c528be63f4
balanced_5123_736418e2,ad418026b7f0813fe4059a82f9d43c2739a8e643d55fe0013932589926599884
balanced_574_5fd0ba4c,d07bafff6f05e7380c7c06d416f4616b661bb7907c758cf7884c3d51d374a949
balanced_8120_989bc315,dc4de1774c1fabb1ff369e0235af3feca12b896eaaf87e44cb11e9673fdb9acc
balanced_2668_0e4ec43b,f170f215fbfd0a13d77ef957c7e4a44b8fb8e59dca2a5f61d1dc70844c7cc768
balanced_6671_dcbf9543,a9121de9958f7b8efbdee9b79202ef7ff185238d5b6eacb8992e792628288fab
balanced_5018_241cde30,e51c0fa91327daba0d0f6289fda4350f5a655665bf6d2fe00cce8683b89caff0
balanced_8737_78709e4e,6824846f7b678e87abaa85c72cca54f58f74906f9a5dc8b8743b36f1c009aca6
balanced_1534_c739ab77,3f39499cf03d7f112eacd3a841d7325dd20535e8bb82057b7cf87944a2ad22fa
balanced_3317_1a5846b3,2e3472f37633f5dae4a617d3afb0c82fb4924ceedcef14ed46275cfa2c908acb
balanced_8068_6c328630,16e443402bedfc9504793a7608d8497020e2b547c535d2a0f23939be679e4eb1
balanced_8228_b5350b7b,65607460799ed2a22458fedcbac2442d47622d3a53e04071dc4268b8ecc19013
balanced_7475_3a20f4e7,3969e1163a56b0f66b806229e0b0f493255ba4f42ab31e636ac6d76661dfd9cf
balanced_6285_229826d8,67805185c6783e1bb0106c64c1dbcaebb54e77a530e00667a3673f6af90979f9
balanced_2738_ac597793,3598ad93baaeae7c8024b70c1e1b95a1c8346f1a40d65e5826bebe438344710c
balanced_5114_0812d986,8186f60a310a7bb529496790fc03b547c6292343b7c051b670fac303a5e523a0
balanced_4238_9bdd62e4,3a9212b4d897ce268f910405f4b5a87252c76d681e841975a8825cf2f57ac34b
balanced_1890_4d58a7ae,ef30ac86aa4613b3dccf08bc4d14e65212bb0d7c429f91fddab6ed8f92df166e
balanced_4108_d9ecd7f7,c16586fc1bf8201f5f699174ef0043e6036fec9fe3c00e608bae73addf47327c
balanced_8665_e3effd0d,6d9f1f6497a70b2391c322b82387954b81e00e7b01ecba9bb1d1ecc852125074
balanced_5833_725ffb90,aa37b9d9fbf33f95d868bd4f831765438f4a25b27b2c61d5052a75118a8d67aa
balanced_4750_f95e205d,4a7d44c5e553f6dd33b797d3ce6f706da7bbfdd1888cd39ebad70e91408e71d5
balanced_5865_871f76b5,d1a42007fc4e1bd1e348a2e21f75ec14486dd3f74352bef83af9dfeabda542b5
balanced_7620_d6112110,d6ab6153ad03d4cb1836f8414d77f3cafe29472466cf50b3340a5d067c640826
balanced_1394_f5fa1aba,1e5dfe5d820987c4f73dea113e657c0a09d1ae99cc49729409cd71e4fc89cb10
balanced_9723_cd4525a2,be521e9d744b74972a5009073e7176c2e7839581858e9c7a8edb7d5ae4bb2a0e
balanced_3285_4f1fb51e,51ebbea7229b1943aecc50195e26f27cb2ebaa2b492751bd135815089c8139df
balanced_2401_08194b97,2a19d6dccc6016354e5bbf9f7ae0430c0c36d2f1b5d044fa0e626f1848da53d5
balanced_7924_2d0f22d2,4fc5e102443415eba80d1bc9564a3b335c51979cd1a2719de05123310eb716d1
balanced_3528_42936691,3b130daea0210db8756f500c91b5044fdeab8fdb6f9853b679578731a47af7a8
balanced_7098_21c94647,84fdf80e1be25a4fdd6b93fa9b53029d37b6fb9cdd01a42a9bc065b0fb7ba3a5
balanced_1430_40936367,256a4ab41bf716f3f58a70674c2bdfd6a82ff0978db0a6dd07f05491ae7f4c14
balanced_3574_98861f4c,23ebe1be6a00fd9bb7090efb7aeb0fddccfaeedb2c4f1f2b3c8009027fbd354e
balanced_7064_9a4d80df,57c3de0c64b09afe7aa3274542fbd3ca83263c9bea065224e176b56d3d3d7602
balanced_7225_2295304e,04770837021df4b8debc209448de71dd66a14ac7f19de9aa743551279737de8d
balanced_8105_ec727718,21585d39a23559907b930fb136d4c6d43df0dff9b5e962e974a65d0ead8822fb
balanced_6346_8739f771,b12caac7cfd87987cc9aea9206b67953afc25412f2afc1d44487987afe146b2e
balanced_8245_741bbb18,be0f541a4cdc0f8b8cda799fb2b86400f652b9f9257b6e294e312b356a40626d
balanced_955_b41bff34,ac0e62cf2e9194be06062b05df2cdc42c1090b810cc955509aadd481049444a9
balanced_7544_36430def,d9678511ce92e43f465cfcb4c814fd394750fa32969224fc844f3041be103461
balanced_7224_09d6d752,a078e3ba439c8588b45b1daeb33c01bafff4e8ccdab2045c72d78eaae27575c7
balanced_8503_408565ec,553f7e000047403a7373c5bdb1538885b92ff7f553f1cfc6fb12f41651de3d0c
balanced_3399_f8b28e3d,f9405311dee7ff3e4009605b2085a5e1e87c51ee019df1422565ddedf25f5fc4
balanced_4538_c248c226,5166edd68364a8120382a235bf81b9ae5776435443f9f2bdd65fd96ed0fb9a5e
balanced_6606_9023b106,15a6e998e08a3974ccd6da5b2a27cf02ddc00c04cd8e27d7c70faa10fb006d52
balanced_6876_773ec953,30d403b96fa8e4c99a94ab32bf051b238e6edcd7dfd6cd2bf0158a350360df22
balanced_6090_d4f8a77d,b0c8760b52473c99db47177ae184831ade4806879f822664ed22f9de23dbe8ab
balanced_6461_d6edc0bd,98552f663a9de30f99b38931567c7476423150fbdab23349d4d6c4aabe87a463
balanced_3341_9b0b892c,e445063676d61e4c8b9f9ca5631ee27ac638756cb4bbb9f4a8061d24745e7c39
balanced_6711_bcf79f24,89dcbdcd77485c3a3a9fd38d9c24df5c4ad07e556875884d0a5fca79015cefd0
balanced_4927_e31567c1,924055d22e08b50344f3be518c8896e42171c1eca8e029c7ba7f943ba31822c8
balanced_871_6392d866,d0d2a181a501171b627e5b494cab3e3542fd15f707d6b4281d4623dcbcadcdfc
balanced_4_f6e88992,833f85a8f9dc3315ac021c61152c4151f038abf3e861d168e73fd83d3cea3e97
balanced_3305_10a2136d,b9488e041a2f70d6537bbf078ccefdc633075f2c89650c061d8a2f2ebee121d9
balanced_1142_794a4637,cefb7acc95069a8f6170db2487c0300eef0ad8dd162ae4ded8e990262fbafb6c
balanced_3360_bd4c3a4e,d985af7b6adb37b47aaa656b36ff776a2dfb4b185a33e79e43cb9729c54047fd
balanced_9679_6e9f9e50,5983cdf6fffe1c4a1841259e7285b6a4c2a833a33bb15e1cc9c114544ed64693
balanced_7254_6e6f5bfc,6072659a370f9dcab3ab612ae9297444582ac6231357ca9d2572379c2af63ed0
balanced_7_a6199748,87918f00448cc5c39b93b9a233d3dd82aa3fb7a4e350539fc50081120576fded
balanced_8813_74fc8145,ad250aa07605586eaae116ad0900f77b74da29f56267c3a52fddec017ab2c55d
balanced_7926_c91bca01,e1d0730bcd2941c686f843a912fdfdba75b27bd4cf2651b63b7d951d85fd8705
balanced_6033_61bdb2c1,7780a8eb97f0a34c100df766f7f00254624af5bcbc4320f925d171dc5988d2f5
balanced_7918_a7ff35dd,f1b659e75f10365bb7089500f87ff17a1307fe3eac483c95a11c4da296e6aca9
balanced_9311_2824ac5e,c680b6d61c2cfd2c9682c77821e0bf7c8b8f300a5ccfbf98bfc60e076452269d
balanced_2971_e6514888,362a13ef6cd6ba95a4c95c620d4867a492e00f0c242ca291851bd2623081d208
balanced_4760_c96acf6a,8c644003eaecdd4c0ed10ad53aa398807544264231509c923023bd8efbd01a8c
balanced_6574_dc49e7e7,85da47a5313293bd70131b8682554ff77ef1f04a5ec4cec0a64f7af57a9fd59b
balanced_9332_508fb833,01d9a6f9fb4708e857388593a3ef5f32f56397450f55f0a2002afb7a2d8a3f75
balanced_1553_b3ca768d,548aef1a3de16840880e8331b1a0f2265758f6d63d17d5c7956523f3ff225853
balanced_4881_066e11ab,b5dd113583966e3f21a527d9f7bb8b3261a0318fc45cb4c64371d48008bda84d
balanced_9108_b6e5a1da,603e5934423a8104ff5d88b858558c9a00aaa819cf280cd3a13cac4054e6c628
balanced_9454_d9533e8b,29e16ee2877355e123da5cc3be3248e9636b4a9dbfa2edc85942bda045a82b49
balanced_8069_03c48ab0,4a6e80617994cf8da4325166b9087eb4af2c741f0f4a1826c70124678daae18b
balanced_1284_1f068cd8,150027348bc7e58eb83b2651eceffa8f006e6341830cb1b7554ff89a40f3887e
balanced_9277_daefc470,f18c3b796960f754d315fd6ec27ff63449db1b55101aa193b3bc78914f2de7af
balanced_7536_16d8adf0,98e185c0fb0648b0322f37918fd6904f8915d3298a5619b7e2944cf777786f5d
balanced_3736_17bd6c7c,e29a5f7d1e79567922cddf493bed67beca5046acd7a0d022a95fbb15cc6bb6dd
balanced_5407_c461244f,9798653329be6912cb77061afd5c67a38bdd4161f998b4437d153500e88064aa
balanced_4860_62da945c,eb25de91de0c31ab7099d8522ba9c615f18072c4fb9d40834c63a7350f317803
balanced_389_aac371b7,eb06337ef51710d4ac8a24e6544430b2f553268d6f7ca9e760289b576a7441e2
balanced_2394_59405add,0ca576ad99c4222890e9a04044391a726eef6900cef8e0c79f63092f5a14300c
balanced_2518_2cf0b057,91a6a9a5376a84f2fa08a2a1ff7ae7a0bf65183a507997c7990103a9db54e7bc
balanced_6585_6909f5ec,1d46096dd122b80f67c14bd190f269b9b798fd01264ff7f76cbe0c4cba9695bf
balanced_1472_595fb86e,3397b2747f21501333684919c2cec033cfb6ffaed19a384beb7f1d6d562897d8
balanced_1001_9ae51426,c173aa2bd1a8da5039275f3630b1520044beb5832d729aa3e5287eb5b42fa753
balanced_2734_a8f6a102,9d7347adb0a8f9806739be351174c97f487105b9c2d8d5a2989536af4f5f942c
balanced_9877_e7883b9b,0dcd29967cf9df32814c0b14fe4a1511029a04a736f98fe28a033c4eecb6776d
balanced_9001_97e5d0ac,7ccb332e279434a6fe7e992c2f9661e2340ee6308bd0b208c63a547c1ba8d8e9
balanced_913_3c1c50c5,a6aa2aa9425c7647fdc9770052877f80d9ef4b0c3e0473c2ea356d4f244fc07a
balanced_5466_b8c40d60,b31e20d37cff6498b8108cba7b4ba9b36245b35cb67d78d7a99738920d4f4553
balanced_7384_bd1472e3,6a102db51a5fdb47e22e921aac2d276fd691b57bfa9257612528bd331b2da244
balanced_2598_90df8c5f,41cc0d1dca131d87064410d658349301493e174a5421205a88012f0af3bb0134
balanced_7637_b19f2c7c,657a3406e7763d696e4e9325544423516c78ea55104736a547739394a0f9326f
balanced_9150_e8357103,82c71da99a6e751641270959ecb873dde4b5e0e7863a27b31a066cb2567eeebb
balanced_7124_5d67bd1a,93831b613231ba1f62548ab523c6f33764d8ad68f7e412f48d30fa26e3b634cf
balanced_1360_34d6bf6c,f8fa54bdd12d07192d7a1749a1910c214b9e5f40b298ee6f26795d52d43bc990
balanced_9468_5f47c948,14eb1bd96718b24a46eb60a0c59dafce12adf2488c2a1eae7c6f2bb27b48accd
balanced_8195_37c589e7,b2ab629db2b7da7e0d073f2527f683045c7ec3f2cf8a2715a3a038d0f2b6ce47
balanced_2781_a70e12cf,59306b2763d38910510034ad586845a94f22651d4285ab79bc4fd0a637a3ad70
balanced_2328_c5131e05,b0599a237f532716fd2549aa6a388e768dd885062124cb5d2250a0c5696cbb3e
balanced_1672_1f0b7816,34d219883571a9f31b7628b2b3f6391c0b403a46f0a494480b5b151c65fc4c95
balanced_7304_559fbebb,9b49120b2fe3bc95168e3f281e22bbf4ed3f2b5e29c1e3aee39f663f9822c916
balanced_835_116531f6,3531ffc983a7cead93e3028d6cfc610f7e09f9fa4d40e98753a19bd7701b5158
balanced_9208_442f6902,32f3952903f056293dfd6c0ff962ed979050d32dd8de22bff53e9effbb3d8b3a
balanced_4684_5d014a93,99c79d66b994f6124ba17fc127143e652bd3a281de360c2d10b44eacc210d547
balanced_9475_37e663c3,a49d097626850ceea99f0614fcd54c23395e46550752a1775996a5b991046872
balanced_1728_146799a9,990e69fc611e8c261dc6aab35854ff0c2b4a60bc95d892f588b6478c27dfa7d9
balanced_6510_55f36ef2,60a531d789e3a66e42852b56a5c7174208a4e8c0e6361625062ebeac0c4fc581
balanced_8799_f307d451,28d22cade3d2feaa03e384e78ff6579f60c32ec94bac86c595e5f989585707e2
balanced_2678_79cfacfd,e00d4cb94edbeb40e6e0f6110d51e101ee430d4d11b1804cf81cef3de2e6225e
balanced_9613_fbd003fe,0bc7facf51d23731d53f5fa8ec8c2ddab3fc993ef5fbef7e87c65880632ad3c7
balanced_1621_37855dc3,ce59716f73175ed243d17151c1831053bf7caf6cd7983ffb77108ab002226878
balanced_6219_85aba234,e88fc60ce3e958390b546c89e520694fc1d16382721637572784f68e4e2462ee
balanced_1915_bf9606b4,1615e30212fb2d2ef96f918858454c15d237bdc7258f8e1815efaf2ec9f38083
balanced_343_3ae26d33,44d9e2c4afd964db2634b0111a1a16b3c25508d4dbed90d330cdbe4bfc740eae
balanced_388_d178a045,cd06df5cead82c3dd50d8d0497aafe39a18050f509c8211ea8318abe8260a992
balanced_4273_3d9cdac3,379dafdc8f1738e3d291b99fad74fe848d8b96f3595307a0438a784f5074fe77
balanced_4878_ef906eaa,691f1ea20a9fdfac655385829b4b517b1bbe8857bed255be1a67b0331427c27a
balanced_2303_34653aaa,dad93dca3598fe5c91894f3b854d353477ded584c6e9f7de35cb96a72d85ab85
balanced_7883_c9875ccb,08db6345b97c152c61cb1c3fd5a3129151f413e1ede12f39c85a748387c79dfa
balanced_227_b1a0b13e,2b7b61e5a0cbe28e466d73701e8e8e3a22f2356cbd4b8971fa6639e9e804cfa4
balanced_1252_fd2d24b0,1bd916ddf325204e71985c3e1e531a5842e82d718afa0d79a6f3eab405f9e7a4
balanced_6485_7d414ee0,d6633a404da6b01efe3bfd7450d4287cdbe38a878a20629d41dc62bc70f9d862
balanced_8496_d666b574,abab916f169a49a8a5a0d796648ebe97b4aa99d05b92d8fbbc7090daf10c43c1
balanced_7716_4f05a89e,aadcba3f64e80052db8688162f28fc122456c0caf35091cef6f510b150055738
balanced_5631_7fb5d86e,7e300d8e7c32a5be9abd72fc0f4ed976bb307d5ee35fcc8afbe55f1008dd81e5
balanced_4620_be90af61,2b6b2f47658954de8e16c0032b0ed0026af9db8f7266dfc377a63aa0b303ffe4
balanced_9671_e4bce553,c52c6027367e52eba76c26c529db2e89f2d9ddaa1e24fccad93948573d936eff
balanced_405_46fad970,5fd69756e73dead4479e3bd090191e1427f174b2dd5e6d9b95c682e9080501c2
balanced_4624_fe71448c,4b4fe316bb9c7d4248530b66b3b2ea76a5258a705c95c1347bd0c8f1cd6404de
balanced_3186_d47d9efc,38fd295523df9f74292c534652741a7234ee54fa609c6de57a620d4d9a313643
balanced_4362_2f299f16,3a25ec98354500b42e7f04a6cb0dae5dd22e58866f2ebdfd2c75626f527baf34
balanced_2602_9a6c4df6,9e294b4efd76717c5b071fd0213898340899d15dcc52a3796b6bd368247e27b9
balanced_6496_859a522a,7b8c3019a1899b4435c49ba4d73a671c39cc1aa938fd0ac2a33423f4abd581bf
balanced_5879_97667438,a1ce2697d9ae2c29dfa7f0ce7d00f1a58042716855e2cc7b33aca90bbf6c22a5
balanced_4877_aab43094,a237afa4c17d2e9ce883587e8f13bf4fa86fd654a652a03c93016465546945dc
balanced_4283_2ef14b12,19b8b6011b6b5eaf278216c5a8863eb77d276b6e3d079812bd6cb294af35d595
balanced_2074_8fd3576a,9a31240808b37fd3c1d631c4f7ce70bace677ecf64a4c72a6d8921af01965c3c
balanced_8789_5b61a8e5,2a5822e30632d2fbda4c3abbdacb9978251088778f30ea19a6e7b3d0b322d504
balanced_1495_9cc1a6d4,c440ac7b31e2016c0e94662cda09f25e4299723437d0e7f6459947544471ccda
balanced_7909_8468afe6,cfdfd40d1c21013a948989ab2c44578b363734ef83215064d15a1ecb3ab5e3a1
balanced_4122_f35249ef,a5949db9311c4528dd0e52950df439b29cae30765349b8639eba58285d86c9ea
balanced_6084_c18d10c7,6a174d07a0112a204ae5f3431309fea07f4db6d8bd3b15657ea952daebddd83d
balanced_63_8fc33f51,aafa37d11a63842c07cf3d0378de79e4555a42a7b709db5c9e6306745bba921a
balanced_3079_cf52bc63,41527641fd9e7c8e92993a5cf1f884516947ee86493793029bacdaa298f68b6d
balanced_6787_904084ff,b999a872566f5f9db92b89bfc1a1ae6c2dc8326ee28dd87a201fe1d125c633de
balanced_1177_d27533d7,7dd70aff6eb512e883a21b76b565e60d93f2fa043b26f0d02dc341e1ee4d2f46
balanced_1253_8da4aa42,e78b7f9a56201d8a0a1bbd6fa26eec9a1e02db60544832fa30d4e6b0346ae10c
balanced_3311_2a9ed9c6,6a6905838555f240de1d5a9891ffa4833df91875f0b5034de9fd105de71b597d
balanced_12_8f5b09e1,978b1d7c67c09223cb2182eadf47dd6687f7ca97778524bdacd20814cd191f59
balanced_8746_1f6cbfe7,821f26fbb72266b99f660d2ac577f3dfcae75770471acc4aef3ee82586b6a54c
balanced_544_928ad9ee,91f19d89e3c4dfee7d96fb416bbff7341e875f6c5f3095e796aebc1718275e0b
balanced_2161_02b674c6,3107705820c9e1431ff58723fac76a3225cf90a93f032605c6d1dcc092ceb65d
balanced_5328_891dd549,c2142ffa9361a2288f1dc10756b88fa3b26ba57c09454a1f51cbce1a5c67c73a
balanced_1903_5da75754,b754a0ed9ffc79f3deac40bc0a65d57a7111a57c1d8457a19d80dc4c69675efb
balanced_5484_604f456f,cd90a0e9b1e76492e991220f6c3998e8555dca934d092f9b0c54d24fa1e29286
balanced_276_c71a0e09,13db2c73e94f250d1807db5e8ce8e634321736286c70e744de0bfa3bf5c147f7
balanced_2666_a9ebfbdd,64da71254a12eaf1d095adb9b2355b2373d9b6c35745eb01f45deec37a00a730
balanced_735_9f2f5488,b6137ac139c179448aea1cfb9795c11c13cff4d798b82434e606093676f18d34
balanced_3668_9da785fc,dd415a359229ce3743c04174b4337c44640200b4b271048a977056d60e2ad3ac
balanced_198_6e234a2d,a06767b73cd2d1a9385f3327c057a42cf1d01ca159c834ea95470a0b87058d25
balanced_4548_3b98a342,b015122e06907bd45ed453af96291c2d86ccf9ea61cdf0b5db3d1488ec4fd0ff
balanced_1870_168c4a5c,f47137aa7347634bb36148abfadc67c9df71a015b4bf387a1cfe0863b7dbea71
balanced_4393_99365204,766ec982bdf2903967e899a7831439fea68069830c65f8153a08729159b344fe
balanced_8315_9a6347d2,6f1868b22776019d3d9db71a119776826b1bd003d4a69dea6e177ca61e7c04f1
balanced_7765_ceb4b65c,8f162abf4dd33aba9cb4fbecea477919621f4b1a43de8e65094bf13a4e736669
balanced_2435_be86c168,778ddf3274bf2107d8187a22a52d5e78b3b01e89a849a897a4550a697d1cf677
balanced_6716_573433f9,b99d6a4ff9c609bfab26238ceb2f7b035bdbfc79fd791c720e78e4786bfef554
balanced_766_7c0e5aa8,625560099bb5e74801b5e6b6c62887020bf2f54ea06cb567ffba379b5a7ccaca
balanced_915_5ab0da16,722ec83edcdd870be3fe564e8b2849cde567b8ec0bbd966d4211579e1727fb28
balanced_1038_9bc02817,030270de0d9b80019a2037ee494a086e7ce8de8f9de8a2a715c58148a2e6a283
balanced_235_f8b9f155,de051adb14963719d5558def8271da85cb259d60a450109db84944f2eee7b430
balanced_8100_63068bb9,23256fbf94f212de02f84c36a89b44b9a1173609a592cca7ff375073a91b85e1
balanced_428_f64c661b,d94d423601af02859098dadd0a47d1518b438889c88e943a3a2106789339aec3
balanced_70_488e4366,a6111335ca8fe80f3a57c8829fbdaccc163d5daf79f83e550a49aa5ebf1e3fa3
balanced_1977_808973f8,71bbda4c5f8a996499bcd46e619da0c5b8d00dc1939f45a849a3fbaec3283d15
balanced_6276_d1e05485,14d9a374c99c483925fa3283205cd3632d64cb66108bd3724107a95cca79d186
balanced_4354_97b9691a,c5f2f6b6a01f7dd78f5d4b336268f3177499d6e3be270040d7763d1c7cce5278
balanced_3127_ea88bb5e,365e2d3ba59ae172e447020df4eea6e97e2dc2d7762a5d3a3cc6743c7e1c2590
balanced_1175_09baf7ea,55bb634ccee4347c95ef8a549a4c2e0f83efb710880041d57b17533367d2da41
balanced_5578_f9816ce6,cd0fe74e85bb13eaeed3b38b610e8b84552c088b23b41b365bc6fcd5f2b56d7c
balanced_7751_6e563b96,927a7ff7cec403e1ebec1b650f53be2e577f6bae986aeb6ac4364a36b82b8da6
balanced_4426_2324ad55,c8ef46af95c066db6acf350d48be0b895430d766cadaf5358e2a40235c24466e
balanced_678_5afa72c7,3371acc0bd543701da23b3de6f21549ed722f6ea428767cf4f9fa552938ca1e6
balanced_2542_f5817d1a,802aef98e07b3e1653187d0388a5b91d3e1cc3bbea7ed9ce52140070881844be
balanced_8978_7a38aad7,ba328e33ee7c0d99dbaf5be83915531e7c27dbedc5848b5e1d6ed244566eadfe
balanced_9762_bffa796e,f0189d9e01c72f8aa58856d7186e3e98074841149eb97ce974cba8f8da9b7a81
balanced_7823_0edc6b76,1c6e1e88cb097c905a87e22d21a0b594d9502a4b6dac484cdea0385677004bd4
balanced_6493_01dafa7b,5d1092814556f7c43a4b8de2860334cfbdb201e400b5810bd65c64feaaf3f899
balanced_4269_c6855263,bcc0677503bbf2f181dfd19499b324536fb6e405d9e2e5d393fae7729dd52294
balanced_1460_61eb0e78,1c4f47013e2c2d973a964d3706730b7fc95cec198ef480eb411193b309c41499
balanced_5181_f1f3f91e,2b6a148a80082b63d6b448655d4de71849a873d1462005e3c5a490f0876db7d5
balanced_1028_5097ccdb,141e677e64faba60d02c5a8c6956753d43e4aff1dbe97deab7b98b3c9059bbd3
balanced_7959_7f3ca40d,1bf69774f1d5ef0ab6a329756ad1a03dd80690221f6c30bd1198d7c78860c771
balanced_9371_8ca7fbdc,c037be403b03ff1586c1f4d45081e36793d1c7f8cd722a8d4c473717e9aeae4d
balanced_1936_8afd3590,c3cfb8ca6bea29ac6c7701ab8ccf27f7cac348ca4203046e870ca1ed189c18c0
balanced_802_8d1c505f,142077c226fdeb599febe1031dbf1a7be2daee4f479274435821535b2211fad1
balanced_6539_8fc83da0,f19f5f36c5f8205effc6a2ed176a052c0a96d96013e7c9da10dadc03ab312b5f
balanced_4260_2d98ddb3,65ad6e4ef452f07567b5b759f84867ff9498d00105f75f9418f52af09d2596b3
balanced_4146_1502eb0f,510d6f0a4dbcbee582b14c6d2e809aa61264dbb933432ed42721f1459d62af3f
balanced_1634_a825169b,84ef9589c05591b41094600d39336a123cba288535674709266203eb7059fcfa
balanced_4217_8fc5ff63,3213f6880e3bac1a5abdbd32f801a9c64c4f159b50943e2fba509f48d0578e1e
balanced_557_e8b09e6e,a6cca0aea8b0f79fe3b6b932b9805e2d81da4f0b437a711f19208cc34f7585f7
balanced_4610_3354c612,9308c3e3688869277cd5e8e4e0bfb711d987fe53c8d55cef756c4626a83ab3ce
balanced_930_6b73dfc3,0bfd4900ee8925e91b3a10fec72d2f3b20d95282aed13bdbb078f4805d388229
balanced_7563_893c6fb1,af8d463d045ba26baee7c9b6be189747db0c5d067c570251ae0e8d8835409642
balanced_9894_2f66f586,6dbb98035870a8c2c97f56cf57c2828afdc2bfe27202025b9600b912de7b3f1d
balanced_5801_37d71286,f86afb88166748a9d96b56d2c64e815473df7479f28647fbe3a43bf88534e590
balanced_2559_00ca0b20,f75802bb5b73a480e2bbd59033524010fdeddd8760160b6681ad2cdbcce23f1c
balanced_7334_4eff6716,6f36e5b687b5ae073314df83a9bd0aa05de8de3ce364d84a9f0a9ccff499ebbc
balanced_1677_028cdc1c,07d95623c6fc903c930b51c7b0813245adca27c036e0fb0f09476519a8214d5f
balanced_2544_a0bd2b67,448407b6f95917d321597b8aa0641b007f146ce2642644f470ed25bc9c56970d
balanced_4297_27574f1b,ca43e81b13aa63f345719864195a7247d0df071a0cc3f793e160c9aa25f6d1a5
balanced_8815_7e66e182,fcf935a4e68b03e919be0ad2d545f1d8a80f31ce50df6cc958abba94cb4ccab0
balanced_5982_89754b2c,c5749316b97290a7ff29037044fb5afa810aa523feeef3db11e466d1fb7bf50c
balanced_292_ea67083e,caa914375def313c83aeaa7c8a67288280c4e5b882580e8958f8369c0ce20800
balanced_4302_78650157,1803972aeea293788eb1baa1cf00fdc714701d25b8261475b103ecfb5a476bff
balanced_4263_cd417afb,bfe918da1c65761ff04bb8450bfd903d3cc58e20df649d51edbbbadd696f7f71
balanced_8420_63042205,c9023b3c062e7e3210b2cdce24c0c89873e48b83465c544a9d3b5d570eb5c191
balanced_6271_50b67371,407459143f9fcc69013fc235e88d2fd82adaa3caf386f4ed8afbea478472a910
balanced_3762_c240257e,8ac1c6e30712b83cb5f48b5fe23963792d51705dbba44ea7bdb277e03efddd72
balanced_1649_ec2fc110,87c24a5d5e28997f2fd17cfbd8549fafefa9acccf9051e43a1920340ca58d6b8
balanced_7310_45ddbaad,a82d336a9240f852b4dbbb9a7173ef25b36f393e14b18caf14ed9803b04d7d57
balanced_2859_06c0d4f3,c2adb9a45ed7f002b7627df437003420711518d5e856f397546b78143d09f35f
balanced_966_e35c797e,f13972889f78aa5360611dc32959753c1a544f86487e2484b3eef2e8f3904ff5
balanced_6901_253b2178,9048eb644516584ca7353fda4426d7d193015452d9da7c42878b6559af3da8e6
balanced_7703_7c5729b5,7e06b7e2b99a209db145879e99479f7ebd36df00212ee13ef85bd99dadf6b6b7
balanced_4972_934d037d,451164349d0d3cadd8a5ca83cff15f27c53722320afccbbfcfb1adaac9d25f33
balanced_9558_27a019b5,ba72729f9556cf579d6bfcfe705975636fac4641fd27a38f81ab5c96765781b1
balanced_2130_0376f627,17585fadefe8c278b08c069fcfa4cf76223b883af4d7b178e83dceca675dc06c
balanced_1549_e5921e5b,0bb12661710a5cbfac08227fbd4a0e3da9be2cffb31a0a3e9daacbb23426ecf7
balanced_1570_5a2f0974,4ee7ce9cebf01dda6a3b6fc3716a411ff3ee6bd6818da52cbdfe1a38b7558e94
balanced_2393_fb890945,eedc132d117919cf8b3fe8d358d1e5485a64aa590864b772f8dc388013fe5e52
balanced_1481_53059c36,e2e2543965a813ba8ef44c05400c08904a4832ddeb505f004c208015b72d927e
balanced_3358_f72f5b21,fa284a3b7487ede2a5c1d646bff15ac76b6b85f2ce82e6e55593b34e88ad7a1d
balanced_6238_d07461a3,2b2a0740d923e2a01131bd11af102206fbe8c204621494bda5fe3b477426c650
balanced_2756_3691fea5,3eef18fa726d89daae10bae00dee2efb453497e6e3b3465f2618a123eb9d427a
balanced_4044_c5dcbffa,8352b3249d913726a687fd00ca8a768f544258ff081f49059f261a677171057d
balanced_7686_c4c10c82,f6479617e1aa96923ab5dce8e8892533e74fcf95cd5136227260204a1b3f9f47
balanced_6416_585dc381,cdc25160cfce4d4b9942f4984796c878ac430b61791617dacc78685e34743ea9
balanced_4464_df979a01,ea4dc566212107d89726827983e9389d115720b311e7b095f1511c65c26190e7
balanced_2025_9a3437fe,0ba008486a87696ac8a433812c4a088c95498d08a83a80a0786109d10153be88
balanced_847_80ff0954,953420028619ba8389aad30941964657b17b6ec59f35049b93e68509212c5347
balanced_3370_e7dbacc3,695495c3e793ba3b7519f27f5481ce839b299dd9f83368160681820f03ab69d6
balanced_8134_c9bb0cb3,eb2846e65552d1ca93106d0faeabaaa94f3b70a3cce365dd24ec8652fe181924
balanced_7286_87c5f93f,e9451ed214382193d576dd67b22438647565beace078c513c131284dbe0602fc
balanced_8931_1167484e,4ca0331b1e572b57fecf2c973c47675c14341cc27fdeedfc6b841915c39d1250
balanced_3529_49ab4716,786e98b2c1cd4938aad6411a70838c54eec6e076fe87b1838d749360f9430054
balanced_4207_f0fec638,1f613c0b2f5317ed43dee9c3685065375deffb4f2dec94d75bbd4f810bc76fee
balanced_1590_ba700e7d,581a75ba93f41d5eca93ccc5476db950da2b84363258b4cb91356db82af392fa
balanced_5271_dffe3729,9b68755d50902a589c0e084fd76e70012643b54672c4d00ebd1cedf49905a9a7
balanced_9657_9e2158db,8e3e4d809ad31add2dbeea665dcab5c146432eeb6107296997c67c26b25ad69f
balanced_1417_b92d3510,6f2d99c2a11bbfa03ae33ed2b3d0db05ee3c54726b5a3451473e65393dd97331
balanced_5803_b7ff3449,09692477f7ba37b8787849a01d48ed8763f62d0adc32262f3df55ec3015e7a2f
balanced_7678_e72facb6,9316178ca4b5fcc819e85dc1d293cdfba9ee0472257c20161a8aa751ddc86e83
balanced_1352_df8537aa,b1a7eff870e0e5bdc47a8bb7a2b155f6b2b895c529eeef376074ffd142676d80
balanced_8319_f90c7603,eaec60ed4cdf80946a97b743d48112e8496c478269ccfc8ad344358ad696b131
balanced_7232_b21a9b2f,31f74e28a983deed67cb2937489d742ae413d466f4d8fef56786282a492a712f
balanced_5436_56943e44,6f5616977310895abb261f803a55bfc293b3b1dad01492eb3ad562f92f8465c9
balanced_5867_992590c8,58c0ffc95c0628574815fbee7cba7b8bc4622c5ff70193e4dd5e2108c1bf7076
balanced_7850_b9b23288,a90ec386ee2bfad06736364ce4b334585df778626df91ae11f9025d8dce5256d
balanced_3248_b2199896,1ca68fb9370ea8cc796b2fbf37ce4b41a158d19578047d64ae8015a2fb3ca7e1
balanced_9104_d2f5aa11,55137cefb8c5b7d0bd87db4f09463f4c4bb8eabd4ef524fa56a49a7d034502db
balanced_4809_6290e8cb,d25a93860bd1b950d6fc244d9a98e6c2d647137475cf342da279f3584e609d56
balanced_1757_2159c6a5,da0077c9c7f609173e719034e6aaf001db9ff7d10a707a7041ccd21fee29493c
balanced_109_d289ce2c,e75e7ecb2b279cc33a3645263034bf9f111feffeecc5d0e84bb3b498051e6ad6
balanced_7598_340b5077,9766029871c0e29a2d49e79d03f474f22436e9cd7253ea291c5e32df1f578903
balanced_5607_4ac3d585,2be6dcc2d248c43e48f6e19899db30ace07dd4823d4122f9a82c9170e6275a89
balanced_2193_6da02d70,74ad1439058ba0edaec951068ae7c95c2ab0425031ce87c977512473c6bd76ea
balanced_8646_c0473afd,12b39f3466ca4b3a8d7e7510211e8ac476a83f6a9fa4b8e8c27627ce5d40100a
balanced_8001_08b6ac3f,26ea164b36e036e5eb98e803ac7f25f1bc2e61fd63e653fc9504913e4a4c0f5b
balanced_855_0f66c5f0,60c2920ba0b8897e9a256ad3f8f58754064ab7c08fd933214fb1c3a26ca858a4
balanced_899_dbcae2f4,5f7e7186814c952275b67320fb417002d73a02b2ae5ee70bcb19bbb76cf6f20c
balanced_6853_6405ca62,584856df58976085577de01530bcbb0589fd7056605cb9e14a4aafd1fb4a1c26
balanced_8583_92160696,3a4906a5de6d25656ece642e171547b987cd3ec28c5f183c7d1188bd95a85244
balanced_2517_f55c8f3b,2b723c4abccc9bf5c96f57a0df7abc41089b42c0652d2f4f76ae34a9a9f24296
balanced_364_67d85c7e,8461ad0d9ab35f87de4ebb93cf47e7fad99d0020f219f00fd497bde1bbb847eb
balanced_2402_e7367c13,95103ace1d2bbd69f267440b8a04027763744d521762075a86db2ba006bf09be
balanced_9486_a2808939,834252c2a283ffcc91c0f1d99bd6b2310b534b05bce6daf067c12a9b274e1a2d
balanced_7031_3d1be31e,7d4ef99a273f0cc443a9ec31f5f4134df01c5f8e1dfb98546f64145c51be9fce
balanced_7747_bca0224d,4f9954f5c5f061c79a6d73a581b7884814ac29ca2e67b657b253b1f5caf23467
balanced_5504_60bb4577,a66b85341a20e39ebff4ea64f31f50b4bbd0e1a1d9405076c2bb8541fcb6d4e9
balanced_7821_b8fe3797,db1217d11224a8464f4c4cb6773d6ae13c480d1574b7f610c4c32c9b6e71857c
balanced_1183_d0e5e672,79d7e2f12fa75a5e460508baf832dc6c754e3894260f0b0b368c25a5417e3da2
balanced_1309_ad4b2502,d876c9c5675918d190e68ba71999ed65ab4f90e7fae5d5edafc8229a7bc6a9d2
balanced_4798_2be3eb92,c571fdd46807a3658bed1a84d110428d9dd56e84720a0970fa2a4d00ceb25b73
balanced_4008_30205892,3e7e55854d36aab11a70cf06ad5f81f17a7fad26f7da318212c42eb435621a25
balanced_7928_95e8f458,c6af5168a79aef438e55a005b3568b294a2e7c245d62cb9c450addc1369aba11
balanced_2893_63854944,0c710f14746f3216700f0f6f3fffddd28fb1b8d2967ea1f3a2e53f4c5fb35717
balanced_509_8f4c8c6e,c67ce44f79bd8c5c07d1a1e5ee324c40e2d25f8619d7ab9a6bd17e5888d0ecf8
balanced_1136_ccbb7307,e17dfe53b8c02fdb223c218c216a23f334405fca64dcb2e300986cf740643737
balanced_1854_d09f9895,249671077f4abc6744a415a532a0566f2e04ac7fc9c8d9b0afbed582eb0b2575
balanced_9554_3262aa68,9dad84c4a88ba1833b037ac8cf25557a83b42962242641525ff42cb52bb94769
balanced_7766_7da2a2e8,0a1577bdd62d75f6e59ea17c0c05b0b3cfbfb073393441bb90189f82b1b313bf
balanced_2982_81541e36,6644070fd42f92e67ab178052d5468f22de81ce3da45e70028dc10c1eac75b9e
balanced_2488_7ae1b530,42f58c8c138c8491a244f910a52165a71224c3d001163ba8967981ef616c6b14
balanced_8217_d14f0574,4718ffcdc49102bbce2db9bc99cccf2424155385d5489cbc8ca2d60cc4541760
balanced_9750_24d9067c,86f0445f509d2a7da3edae5c073a5f56828847ae716e3320cae63ba2a5959811
balanced_2773_c7ea486f,b8fe8054b8c3476caa66c33b60fee753b7e0fec58a503ab43548127299ff7232
balanced_2729_fd68836c,5135b601f6e68945e66bb39a3021c763b24d8927c1351168b15ae54da4d65ccf
balanced_3128_fd7bd2d6,d18ee3c6f4ef2fc8553c4856a1f43873735de33203e875c83a86473cf7b26b92
balanced_3066_4db34a68,4e61905bde4e4dd9cfaa5e8a90ae726da2d89a642e146a31ffbe1e5a3029a948
balanced_2005_3fa99add,dca1ada69ba2810467565332770899d11e63a37036ad4e10d4ccf30f529bdccf
balanced_2999_d3dcd740,43f3de3a5f153fd5d9a32c1710a6a0d858d9f91676b6f0773a8136fa13cf24d0
balanced_9860_37f49c26,bbb4cf4b65b4e1923a3f86ffcf1f7680725d8da19fe1c48a7d7c354899cb30b3
balanced_860_71a7f521,2bc3f6b48fe3778d7a9b588934b8f599be464a7ffd0a965a47ca742b5d92d5f8
balanced_4084_89f86a9a,2a66421859bc2ebf5449a59710b5b0d35a5d1784ca834067e7d8f55f1f8b6610
balanced_4266_472d2e84,c88e30ca88fec744fe9f0cc38938afcb313a7825b521d4431ec2becc37789a73
balanced_5243_51910e75,38e8b7faa7fe8513575d21625ac5f634c531a9e063ba41b5c5b19eb05873a9ce
balanced_5356_4154ee26,07a37ca07bd4f39e04733b34f0f75b55e55d6e78661e83c2f73b04398c9712f0
balanced_457_0f5cc44a,f5aea344218c78ed781b9f5247a9cbdd9be1233aa808d27c29813227ea8cb5c3
balanced_3567_62a6981f,d0fecbb98db3af009778cb5a890b296ecacce85efc5f30ef2e926e0e0d3abd33
balanced_6247_6c555188,6acaff13e4365bcf353efb404aaa44ba1d03ad7354d896ff4c585916de6a4103
balanced_1589_0fa3a4a0,b035816f894c28bfe0c50cc9621d599b497953767b8fddd294f2ce5c73c013ac
balanced_3865_6e0d59d3,a651673eda788335877498ee96fbf20cdf97acf11faec7217987d8f6e344e51d
balanced_7197_27e3ec35,082ec7bd6e1bc8bac36e5a4bf800f5341963a881a5299b16974e0e45579b5d22
balanced_5653_d0dd4d36,ab421b0d0b04b09e2604770063829a1bb4332b6d0fb4b82a15f27e14b93b7b4c
balanced_666_8c04fe33,5590a5eff3bd93f7ac94ca51da98cb4260b0c2101f54d009d22bc779e2c1b15c
balanced_2092_dc3b4221,0ac12d95d87dd141a6dfb6f04a40721257d26351498a4c3f7925758eabb8b30c
balanced_9775_b2f80545,c9c52f0ecfe19da0be38539fcbea63326fc7ba5f1230b89ca1ed9e6806554c13
balanced_4076_024f440a,6d71f65e94ed53943c63058503fff1bb1a38df5f9969349afa75c55968c0f950
balanced_917_d2133c11,294e7ae4aef1b4483ebfcf6b2a36a7fce57b0f54248ebb1638fc2e9b748a4774
balanced_3513_39bc111e,63ac733bea931c71c3ddf4cdb90fe7746da25569aca1b27600bbea34d55d4211
balanced_9414_ae5648ca,f5f744c0542eaeaff7a21f62ad9fc84e92a48a35f49376f34a4f8c16940f35cd
balanced_1914_319fa22d,c4d0fa22c781683d6cf97210db814f30490788f4213932543cbfc8cc6b28317f
balanced_3747_107c4d0e,6849c04d7b7a3ffaa087da1e4db3bc407c6aeed2e558d2d8d0422e33568f7913
balanced_9831_f6c635d6,77c79764a109182204328a87353bd0c4aa01dfa047f94a4fc9a0f239e6a3e684
balanced_9667_6672f1bb,4d7f60bd7a79b1e5d7e980f3e57294e86e60e2c2ba58ce605992a4c5596fba2c
balanced_5480_37392e81,19bb1e89fa578dbc1f116c9a9b55ad22ccd3fff457886037c3435e4889cd0a09
balanced_3379_2e080b59,5d4763f77dce7fcc53b6dba44d8edee064a006739b72b6ec844f1b3bed48caee
balanced_6463_a68ea518,baf8db866d1da98e1baa09e04a6b4dcba1a4ae2072f47a821ba8c3ee7aa4bab8
balanced_4321_69212a46,d65c63f96d70b977be14578d575b79b4659c5a32f26a06c3b4e96f0eb04e273a
balanced_5102_bd7f067c,fd60a620dbe7345ec83f5d47bb7ae529aa4d5575c81d2a69aeb83968baa27d3d
balanced_1639_7d017e48,c9d877536a11094d2de2d6036f2a82499e1a79e7321322f86d430fd686d87b42
balanced_4275_823644c7,d754d78916eb64aa4dd8b11bce272a41d1cb9f5f7ab1603e3c29c8038c9a97b4
balanced_6718_76d8dde4,5eb8cc09ff031faca1bc0824db124dfe32804d3f8a3933ade8416c3797405546
balanced_768_55d5765f,56efbb66c0204e07bab502c3f0d4fdda8d22a99618c4e8c1612139d2b98f2ed5
balanced_2469_46b6e96a,b6df8af6f39aeaf9ba43bf3562007a1cfbb754af2e49086e1eccc4722c350244
balanced_2789_5e636434,fa28fe09f7d92d6787c77f9d9d7d9163c97baf3f919146467f766720675aa9d2
balanced_7595_c7edb900,039f0208cbfee702efdf620c629b8cccf88f88151dabad9eda6f168bc7fc0e3e
balanced_6359_c28e1ee5,5569b7874689cd884415b1986ba7c0bf0290aea5ed9169e9cb6ae7500ff344c4
balanced_7588_13fa22f2,cac2134233ffb58f491a80d322624cd8783f0c0f838944253b80b9a6341d4faf
balanced_6047_f89ed3f6,b4ebfd584480680084f08abe9d564c57c150d62bf5384a2f97b6eaf358fa34ef
balanced_3822_8698377e,51f7c881efa9be4b323e14162a36bc0272d11a659604b816eac279d8fdabe8f7
balanced_4903_71d60c92,9bd662422b775d2786b513a12372ffc8cc1fdc09ea50d059c0177172545425f3
balanced_9949_1d49848a,882f0f99e8e75275dc38b2abf9e6da94325be7d5ff3ded7eb40aee529e96bdbb
balanced_8552_bea4f854,a8388f3aac8ac86cf2d8bb2ee4bad598d3de0ebdf9bf67e85502f4cff0b20bbe
balanced_2889_7dd85043,04cf44901aad5a7e6392ee400bec2b3a05487014c4d772519af8fdcc9555ab76
balanced_3081_40f48fec,4e3863bf53793accf2a1cee5c7bcc9571c7e9bf277e04d8ff82b27cfc112ae21
balanced_682_098c2394,c658380ad91382b253c89e3365eadef79f57d67c1421d10c9377026340ecc2c3
balanced_3053_1ee86935,2e2d7ae49caac166bab2cd5a3ac6ec063ab0847ca1385e5791b06dc21b2d4c0e
balanced_4998_25763545,00328677485c88c9a4a4921ddfd0737a0c4066a57c720edd0954a89b134f91cd
balanced_3188_105497b0,a8ce4d865ac073285875b4106a3578236348100733eb5119c6d4b75a20fb2e9f
balanced_797_eaf3170a,576d7bcdafff70dd00c5e6d8a7f9ee31b081426189bf032c091f9b282c883b47
balanced_1690_5b62a67a,bd9b8aadce6cdf6b591d9abd401d6d72ccee90eecebc1abe9ab1c177da022b1d
balanced_4495_17a5f632,ab81d0947cf2c6508d35fc22bd7336242426dba8b778c70ed4fa3865b3036ee6
balanced_3095_3f73ff35,10aee2330e4de0f4bbd680d179d91587128df9370e2f857987f391c33b4225e9
balanced_3784_05ac76d0,c50bcb6ef247d2311ff35f413a10f8869416ab07de6e2d41164ece38c9460ce0
balanced_687_2a40be23,bfa0ec7546751b1c3ece962d98d450e0cfa657102b2648f44b8059a55bd167f9
balanced_918_ffb8129f,e1e30c8a7c58925716c568389cfadac883ae985e086e2db739440eeb4fd24e4c
balanced_6121_c7e43eb0,8583970773d3f53635d5b3d80dd2a2416d64fbbd175322e9796871171c1189d9
balanced_9376_e790e85d,533a75487100aa2db9bb4ad7e37c46400470e678fd0e9637ac3f7de86185a85d
balanced_6954_0323f569,fb041835d0478fdb5c3d4a13f8e94424c2843f32bddbd0732c3421c66412c5fd
balanced_286_08350499,33b95ac3f58684830ee26c223a3f9b66498eb650ab916d2895972d15fe7906d7
balanced_2213_948f734e,5d087aa5ab00127d235b9fff7fee7e588e4749f28461167efffc3572cca1bf93
balanced_8075_5b714f74,81d0d581db10a5be3acc89a0ba1fe39d9238230821d59525a0858f5702a24a4a
balanced_8244_05f80597,925fd9d4f22b175f84ed6c5be2854b692f035a241728bc83cbf53d45adb6fa11
balanced_8439_9f683723,9fab35aa372fc946f504097d1f9c4c25d858ed6939ecbfe76ea58c046c22f3a3
balanced_9046_826e3488,b883b43af12c48140c7e8e5bfe34cf7f396edd7a355c02db50ffb7c7d9d9adfa
balanced_2446_56b547b5,8a83f21b9e2e89c63d5e2b54dc2e03148b7e498834f22e136ae608c20ba893bb
balanced_9735_624642c4,9739fdca79f0a913bb7109c97f4e473f4162fee51b7c42c6375304dd10716b71
balanced_4418_3c848e32,8e3b25a40cbe09f9b644098ea129f492b39094dc3fbdbf436329426e15e1b53f
balanced_6030_8980664b,75e1ffd68bba5b5d40b68fe40a3bc2f72eb8071b4bf49472dfe4edd886fe4a94
balanced_7076_56201ffc,cdea440d3770797e47db84861c588cc104747bbf5846e6f1604d5dde1cf669a6
balanced_2539_2b192595,7fc7c8759c05a6bf52538e34d39d3b22b38bbec6fc50fa2fdf8ea18f366ce658
balanced_3276_9313f8aa,62bcec90c91dda85be353505fafde51b804d3b20d164b148d563cef07605cfa0
balanced_8917_5afcc7e5,3f5fe2041099a04d65704bdab390d9fc72febd95887515d9a21c6542162ac5e5
balanced_5125_5de22037,0da47643e0552fdbd5de32af0da4838e717048e7533af6c2ced36bb7414c5675
balanced_5011_fb3db90a,37b93caf53888ef35473fd65e8f5d3091ea3f9953040fece27793477d95c98c2
balanced_411_3a152977,7576083efa44f000b7a9eae87580bf3411c63071c87bb62b588d9cdd0a0c647a
balanced_5320_e1662c9c,1048389ec1a64b81dbf04cefa40351e272a53cf1320315b653c1df88f5ebf420
balanced_3047_0337584f,bc2ec7b77847cc311178ccc08a5425acd4f6a4672254c65846ee0a57c127cf97
balanced_9943_ccfc2206,f5e610b56e1d03a6a05bf69082d31a88f6aa560dca3c3e33ab3882ffc76f7456
balanced_4907_21b523bc,ebc08de330ce603dfd8ae61e5dd5471e1532c0bbf23ef92b4386a3b3a8d305a2
balanced_3512_adbb1eec,b3c96007489b26ddaf477f3f125ffaa3c1e1e85bbbb7b4e44ef216f6475a4b9b
balanced_7790_92ae62cd,0210e5646c12638408089c3bfa3a6fae6b332b41bb738e3e8e034a44a49a1c68
balanced_8471_8888da49,7720e793ce1aef7187f9b318d7c4c4f4b998ac10e42aff53a1859652a6e6d74b
balanced_453_2f065603,9b154405fce9096523b99239c79a0678bd5de916728653f7385d472ab81715e1
balanced_3720_ffe0c898,c98c8dc2fbc42e13484abe74e2a83e7bb87ec947dc5e9c00ee66eea912ee9564
balanced_615_141ec690,f726cfedbb070864e4f26d91864903acc311bdb6ac45e1fc155211ef30a15289
balanced_5301_0e740def,39bd4fa166ef0cee410dde3586b52673ace28f32cbcd584b3ccb7a8827003af1
balanced_469_232bbaa2,63352c21d9425156395bee1d86d010a8d838df8d89c872f137789a404d48a9b9
balanced_6857_f61eac5b,492f0ff94f8329d793505892566aef767b9f6cac5d1e5077b6883387598494c2
balanced_1505_eacd5df5,9ec9d1f41678e19158b791a2fcfe819b80c4f9c64bd82b2aee6b32a2d5e94a09
balanced_5475_e9df7336,50142febd52d5002d961664877bde66e58439676bae2a6f71cbfddde76a3eb65
balanced_3336_0763e5ef,eee8d51d719a4d1d2166c7fab3f8e531ace8f2f1ce174a50c82d62cb63918c1e
balanced_8945_78de514c,07e1017ea80a4ca64738a06db85a1bb736975752ea3ed908acd672a698f58542
balanced_6262_5620a185,3aca5ffea81fdb8cc6e536a000ef2f8dd4a2c22f5cfe9976bdcad55d8013b9b0
balanced_5791_371f5a97,65278c76b852665242036310568b8bdeba6f58156388865cece388b23db08fb1
balanced_2740_8fa4f80c,90421b02c900fbf30736232f98579b5ba2c28dc3b4f75bd11a4b0ce30df7aa02
balanced_9720_8ecb3b1f,26ed03411827cd718884d01bd8b716e4f8fd0c139e22fcb01c0685e51c765e25
balanced_7200_d76d4cc2,602ab1612baf2bd8856d2d2949e538f1c2e4377db6b76bc4402e8a5dee75087d
balanced_7125_2de96a24,e700caf3572289bc03a39edd4f15703c23ff99bfb9a3bf024cd9f1d79f18cc46
balanced_4882_45240a46,e1013e769733aa953b5213f1801b2b37484b771373aa113e2f74aac8a4028d43
balanced_6922_eff08a73,575ac9d8fcc10549ddf819c228b4f9e5f74010412dfe8c6560eedfe73af63489
balanced_9730_3f0f890d,77653db45a11409bd58aed56880d69303089d97a6184e4d8ff83a7e4c40ea2d3
balanced_8389_f4afdb4e,aea7e5d3d06ca023402c8613ff1e63fa98d099dc8df52215935da321a386e9e2
balanced_517_ea328035,3e312df0579c5b88fe6698d2e5e0af43742fa120bd072940342b897437e6920c
balanced_7949_3bac5b9f,71506b0a6dd56529d0d766ef7e7a62e7ae99f50661724755a00b7dd603f5cb2d
balanced_1157_95db55f3,9ce2ba5a4334491426fbeb674bf3febe03cd96282d35e438d831cac364fef776
balanced_2604_b44ac429,3bf93f85ceeb66d3b22ed893b8628b0aa6319fa05003ddd6c3750bd835b25f58
balanced_5141_4f470212,a3a75514916959e86e2c0ed0d461fe515cb5eefb79c319131026778091055256
balanced_7082_8808001c,2f88487630719bc029e231c089b5f7c6fd2d7ce2eb24b7f569b9d90365cf1f95
balanced_2731_79b1cf75,d6ed3d03c7489b9b1a27c0e67d04ef4ea06cfccaf18587997c7462562cf26d5d
balanced_6765_d4d67c01,593b1be74268b6b7efd8b189171b972030fb0bace8d8152457b45a00171519e5
balanced_9406_8f0e3d9a,2b5e266bcdf07b840ad60e786b2f2082dd8ee2d4fafb47d77172aa2be1dff6d4
balanced_9623_c3b94bf5,3b0fe81ba02d8ce796fd1c3d8cd0a2586f849f7f47091b561bd7dcbef31938bd
balanced_4964_3b55b995,0a407b35d43a0bcb578ce5c1e3c699313334489d147ddfde6e6013f384511b48
balanced_8826_5ebb2a6a,c3ed4c5570ce8cba37b3cb1bc51b66c77226d49983dd0d719217a30764849cd8
balanced_4409_20da5550,85d067d96183fccc6b939580310d4d2be0965a590c58b523d2253a5fc8cb6a77
balanced_5341_51fe67c5,540fd6c5b517850d0b792cd6fb6d4288f2c44e9ee77e77921c0d5827c566c476
balanced_2688_0be21632,e789b70fe6101fa8953e38162f43ea2bc19b3b3be034419eb5ac30bde94d5914
balanced_1021_5148f8c4,fb9447bb053e5ba08d5e91c1cb339a11929255b7f7b03abb8c7d58d95088b5e3
balanced_3506_1d0a5a58,4e109998e28a069a3ee263fbba0e601d5162703d3959c7a6fa0212fa2981636e
balanced_7094_d5efcae0,8f936f23ca7caa48f30aab35cc1f087f6df39ecc1c5267bddb19228399f1f355
balanced_4079_0639fb72,7101c32798817eb85cb2d194802e9f08c43629677be58772b9f5c6da11fd950d
balanced_680_ed501db6,bc84f08cd9ba0c1e0c45496f02f3fc8c269deeff91f63a2ad84b8fe084a0a7c3
balanced_9316_07b2c7d4,877184f80be896b0ea9bbe8d1ee332c95f053a344ee49804ab15493292597659
balanced_3316_5af23d86,9c45cc98a7d2d7e729d8db93519ed8f5b25e91d7235e40487fcd1c17f4f33e64
balanced_8241_e50f6413,6954949f2afa25b710fc575f73be5c4fe0eb6f4de277b42eb7b815a5f4477ceb
balanced_9862_8aa0a5f6,f0ca56a055c7398291ecf0f1c104047d4779fc9afce3c6c55c96a4258c1d57b8
balanced_3493_770976f3,e1799d55edc1ca297a264fd6b163c1ecc2c2b4a1475f430716c66104aecf871a
balanced_1073_f6281134,e9e6a7a3cc9b2171c2760be0723ad6e1be183ff82a40717620447866403ae58f
balanced_4580_aed2525a,316df07dca038f261cc44c9a3af62ba8ca780136868af939dfafbef4c4499fe5
balanced_2839_5b849a75,67797b6d1055caf1262a8f1fe515b460691713c7e92f9152d9bdec3b638e67c6
balanced_5066_b7f5876c,c13ec109f955ade49c745caf4e68ee0bafe79c3ca8b576f7f3e174d776d4eb61
balanced_2960_b4b5a2d6,56246c31298148466227a15f1fbb4afe8b7b70d145b64bf410ffb3176cc17f09
balanced_1295_6fcdd357,36fe897194adb27346688f5e75c8c164e4cfc9bf7fbcf659e4408716e1e307d9
balanced_4582_8491dbc2,7d6752dba1e833bc978cc6a164602521dade7bdeea63aeee6bc3a8f81e51f564
balanced_2106_7897ea74,10a618ce1d564717893acb993aeee19da3e9d85a709c26007cf6bc82f487894a
balanced_3561_134e9f42,909f838e465b06a3947eb37fd666e2a1a154e48139fd092bd7a4f6235cbc7e06
balanced_51_0df7510a,bb46759179907075146e0e421d189403dcbab15f0e5d316b84baba5f36edfffd
balanced_5132_fb15a6d3,851fe78eddc143fdc36bd21f562219768b4ac0b675f0235d02c6a07c6bef8ea1
balanced_6564_aac40345,ae08c69d8070579a8ee40f3b6b7a7b18beed15b35041f0f41d1f623f64efadf8
balanced_527_7a81ae40,a4339beec59df1148afca4d0d8bef53bdf5566075174b79752d1a1d102bc17cd
balanced_3713_cc76ada9,92345f7195c7ab8ca4a5ce9f27bcd61995928152aff7e14702f7cc89951574dc
balanced_3117_0b615338,5a99bae567d46e7e53ccb1cb66c460862249f67d10c8093c5e5ddfa7ffaa6be1
balanced_7695_692fd220,8b1abe3938b3d11def2d10524bfc824713bcd253a581d5ce153372640912693f
balanced_6830_6e657c2d,5067ca0c67b57e7c71f1e1921956cbefe4c01c354623ad750d6c13e91a6a9b6a
balanced_1596_00b5feda,48c71d5234afff57b64db1b42c7b85b3d6bfb3522915e01f041563b8e873da94
balanced_5492_e61a4d0e,b9c7c1fe3bd711bf621ec2f276989dcb1b549b0e1e05e522b586d5b1778773e1
balanced_5048_d54cef9b,b60e30d70581036e5c979669a4fa722f9a66327f2a9a45ac3a4e57407a0e2fc9
balanced_3401_3104c0f7,722327737bd3f52a9c46b7d4741289cd194b872f004658c2da6a50321e80bc1b
balanced_6153_0a06bdf8,e2d61ed255786789c7b2cc8feda65d15e14703b60d4f2e221a6b7e71e40b89cd
balanced_1072_6ee5b0ef,7f9626666108c491cb709641132858e5512b4689967d2b68c905b0c81ada04af
balanced_3096_2edc0b3e,b0bf8a74eec5786cd20d4859e4397d5fa2d1a0916d2824fb831076732a5640df
balanced_2407_11197ba3,3222d6a826b75a5450e79660c2951d87281a02709bb8c947863f0da313c67787
balanced_632_05bd3d44,a3cf4c17d6125f1d67b385569777aeecded9f45740f6d609eaa7453b360125b6
balanced_7307_bbc267f6,b76bebe09b85bb03f7f33fc3f0e4414713136c9f2c6efd5caec2ff6d56818b78
balanced_4289_633475cd,c502c09a7cd575e6a52822149c55c77d668b05d1bb1d602ed755a4a5b804dabc
balanced_9118_c3fdd73e,87e78c07bccd15e9d613d4d282feaf5cf48897802745eb3881260866cedeccd4
balanced_4330_3e0dad40,8fbf014169b700e5da7e17d814b7d6dc6cc59c4bbc61f8d50e970acad24df3c9
balanced_32_149af574,cf75db50c40554376f336e3ba770288a9e32b61b0f257967061227f4f70f6b71
balanced_8365_23c5d36c,ecdafea10361935c2b9d184f739fb72f2c995249770e0a8ed0c24dbf69f46b73
balanced_2829_2e92318b,6b524d509208196dc3abce14b0018146c85a5365588d2b0f91c3b733d0d40080
balanced_3597_a169bea7,7151ed837f492998a11b76b9e20bcdd25fe39e77e86a25a5ee1a1c00a24eae11
balanced_6101_f3389618,7eabdc23366b53032de80d2fdad2d722f98dd56a87e9fd75411d4f36cf408a33
balanced_3451_1b88ac2a,5b75dd9df760953c6f1b0404e92127b2be2f73c7c61574f14c8e5ac2d586980a
balanced_7631_68989b72,4bf6a15983e0b232a11d71ae9d65b6782fbd1766efe41d4155d1ecec2b453b27
balanced_809_8b7cdba5,b3e028c13e035a3f566fa535ce692e33647d65d7761bf7ba944bce009582b1a2
balanced_1550_e65cf247,2fda7a670c576a763e15da4d37c22bda8a89b860f845b07638b5b291d6d96255
balanced_1712_074ccb45,ef727af54a85d1570651e21a06f0130147ae78f61c8a6e8bc2e14e6e72639195
balanced_7715_d5801a6b,23616c423a88acd1749a41be659239ceea224aec3067b42748d7415c53b72ad5
balanced_9651_3636f2fc,b6f68565b37299a96922ceeb45fee7559beacb7e9a5293ea6c8f70efc0c30c14
balanced_8324_6defb5ca,1f0551fb32f9a59cbf2f4e761518cc1527c500d8b5e6b5e700d3a619b0ac11d9
balanced_6112_ca3ee094,5c1e24d828c4e7f33d34226487fbb233fd627cfd232de9c600c574e4c5fedc0c
balanced_2375_c5ce61c1,a8c05dfda59db433af073fc43bc1174309445783e80d220564ab5a8f80366cfd
balanced_5506_72cddf86,298e30006230b368474a688ae46bf348fadd3c85104dc73aa1c3b2fc650026dd
balanced_503_24195c71,467b249b9b8faf0bd9414bc8c92dd057a7d8ad5c2e502e476f39e6e96260c030
balanced_1520_489911dc,d71d8c6a3dedc81bcd0cde3aa41cc80793e12d7df57360a3c9f5ee4ff8c55d1e
balanced_8144_1135ddd9,823adb437b1e2cae0851ca768441e08bc11c1e0b93365123298b965f80fcf819
balanced_9259_9d5e5cf5,453f2022a350795ad77454a388cbfbaf06013e3c651e260c3ae5e8fe4eb02b4d
balanced_3293_8baa0414,1d2bd8970b690f9f12d2f80c429de898d45f637ecb1860e6bd005470e10b188a
balanced_5996_16c5a687,6404b79370c2df2aba886f4809764f303e7fea8539222f0a8a21ea42b3b6026f
balanced_2396_53e3c257,2fd14760fa1f68d4087009944f0079859a3741d14950db8270cc095ecaf7a628
balanced_2054_87861911,309384e2e1d7dd634c6e9d530f768fdb6aebff2ed828d3cc93f9f38019975c61
balanced_7725_b0e00076,0657a1abc15aff3f93ca2703cfa4eb0e30e44743fb6af4743ef5e0cc395b632d
balanced_212_196c3058,f88ec8eea624e5837c645cba3ee659035dc4fd5177405970b3c5aede604d2f2a
balanced_4883_bab2158f,a55a9b8688c9f1e7d9e8524d079369f813c9262f8d4d0f02e07d6b3d21ff1592
balanced_2787_19a3557f,61c5fb8e8efc122fdc3b9e7f682528f0146ff14bfd348bdfaf02a05dc2c7c3fd
balanced_8299_29b207de,a8b692a364ef63f3c5347dbfe368a05d5389a8e40b2a936fb639b4dc1333c49a
balanced_3769_c299029d,c9131425163748b750921821cef5789a41e5cd04b3f227f4adc8758cc8324021
balanced_668_2b887042,d2cd2f79365509b63754f857dff803b5cb59cd03b96045f4dc4386be0d5ac68b
balanced_6088_bc99219f,d9c71ef01d79c1a1cd027c966b67789978a70bd37e76c4691d48cc33ab814f45
balanced_3836_2aaf536b,813004b69105b304bfbd9ef33ce188a820560cde6dfbe194a97d86e55e6e389a
balanced_9965_3c0a92f5,899bc501a584bf8f99db2453c053868b85da0302ad21fd83117094dfb2e65cbf
balanced_6705_9b2b50da,3a31fa59c8c3c047d011a31ed1f81a898b4ae31e44c1cb267ceb9d8fc22be1ea
balanced_1516_02e017ba,608f00422069849921cd3668e245aadf8d814dff0f9422a95a78a76a1fbc117f
balanced_7121_6ef113f5,2487e39a096c9e1e6d98a613bd79517043234b02a9bd24f731bb32ea564db866
balanced_3481_5827c929,6126c52fc3ed36010dffdd97851c3b42f35facc1c96308643046d3746e0ed67b
balanced_9353_bec7dda3,7229b7f5165ec0c333db4d0b34a9033b279c962d8a227bd7da943c9ee6b941a1
balanced_5744_385cee64,fa70d54c15eb32a358152845ef5973b359e3c5a23450d29e22e13bdb7dfc9549
balanced_1510_0a889f3f,4817ab07d6c51b73bafe0f023782e6e03b401314932fcdfd45349fff31ac0534
balanced_7445_0979aafd,4f8c59769d205a61932aebe2acc3f810f1bd8aa1878370b39520168a06178323
balanced_7023_167d90e0,44a610c97273d4935bb79f7effae58c5f872f36f9d3aa51ef17f0d8e6e46d18f
balanced_448_5334af63,9c307583102b4f16d74942047defcd90a03eefa62428ec81ebb36f8340cd0436
balanced_2739_bc656188,ecb47d679e8cf2225f2c7802adfe75034660f78c5e011701c6ad9fe3b3f8309b
balanced_9899_1560725f,ab069b5065da9e5629eb38ce5e1f845684a7351c80fde27d67c99da457b721ae
balanced_9422_8a3f0701,9af01748a4d85557da446a9ebeef6d038c5e99033f0f75e38f51f06389048254
balanced_7556_0fd92d9b,d4dade30b163e4159dd20e6697269541d701edde7234342a0c7eaffb15e478c3
balanced_5668_c31a52fc,b56a4468abe59fd6c4ef06b6c7f230ed27b4fac092ab293cf2899aaee46e0d6a
balanced_4229_a506d572,0655c12390ba5f98fb76993ee2181949567e2e6be5d77ebe4b9ff2898faf7a13
balanced_4091_833733b0,e112150918c325ebdd05d501c60dd29e4a4c321978d9453f914c2a82d720caad
balanced_5784_5b1d6e0b,cf45a09659d01fe07e7bd7fde7d231520b3871af0c08321ec97a8b6f936ad309
balanced_3397_8a0b4afe,78dda08db47ea81ef2fd5653672fda32b9fe0a60b597389501fa5c77cdf158bf
balanced_661_8a1b00c9,6544554f58a063c5465dac033100faa6c903311988cec6faa903203c616056cb
balanced_7834_67c19673,6adf511312663f07f0155e9a6062cc7b2fa3607138f4370dd4105a1fa810d206
balanced_3808_92a6f154,c7eb370838d8be50c413c09bc14b97d3aaee00e4d495afdeafe1f1e48057d685
balanced_7530_dbd05c8d,9dc45d0256710f73887b40b6a236a494185efe48f9d2496bde5617d7ee6b18c8
balanced_9360_580e1c98,f21318be8d62332578d0767e7f929180c783599e87f11799c7eb12a6ba06e787
balanced_3487_fbbf0d47,05523ae60860b9596f09c0822b1c435f65c8abb638a1b7ee107e5eca3a19f87d
balanced_3936_25efd398,fb67d58405671e5da09e2a5c0c1f1790a53ebd21700a939e4a9ea9def4fc0b63
balanced_914_f07c96f4,e46703f014acea7e8a0b7b3334686abfec119d983fee159e71e76e755e682df8
balanced_2998_ed8bca9f,0a4fd724403c6011b07ff7db453fac10e4d08dcf18ce82cb29c5386abdf265c5
balanced_6582_4755b2e8,f67715f817e8e0e8feee81abcfc8927e24091119575977e7491e8e7c065e6c68
balanced_3177_62b53326,8a3d96248f7fcd9da9d9350608657a41ac27838cac73147b8fa1a74fedeb28fb
balanced_3436_2ad1783c,db92c76e28cedebd053d08953170649313ee1de1df6539474bb7c0896edab5ee
balanced_4055_d438027e,8846f1290648d3870a1f8f2a77c5ea59b9fdcb45f60ef750491e63bb48f4a5c3
balanced_19_3d957fe7,4abac5f55d2c7ed5214a6f84f5374ba1c6eb57803a62cb4af963f95564ff7c6f
balanced_4626_d5fd1347,db13d838c869b739c81ce6f8c8b9c7e7f2e25a005cf8810cfd95289f53936768
balanced_3004_b88a8a54,205244caecd095caa8fd570685c24402dd7c51bb79590b077a4b9bad7270b7c8
balanced_8021_3d0f6b69,0e00577099cfe95e9c95a59d83d3bf9a9e89a4be84c0a1e8d787fffdb0b00ed4
balanced_9557_80d0626f,c580e329cbb9807d92841ff9f2f99318fe7248568cae848be7acceef29b1bcd7
balanced_8132_14ce7839,f2c7208ca04561300297a130dda9f3205294c253dd7e8e776959efcd4a6a381e
balanced_4817_e0aeb216,ce5a5df84d277ef706f8a96390937ac2fdf855b1c74cea95e9467be59ffcdf54
balanced_7626_e5428c6d,ac772d74b3a6c670ee6398e9d7bb67c8370b0909b648d31f78af1bfe7099c077
balanced_1659_988af74c,07d473d55f849103786578843c667482a8b492b5b0a53655144d93126e5c52e2
balanced_2079_ce40bbec,2817753ec26e99e9f512b0bf396eb0ba262467115a6e92e807a1531bdd008412
balanced_7662_a99b399e,c84c63e9e87154573d4f159a1cb6bff916066079ccd5d101bf9379ae888e8282
balanced_3222_3d1cd150,9e2a10c42128d693d2ba7881db6ccffc3cd8a8276ef21779b508ed2900affb0e
balanced_37_41132d21,d42a1aa090baf3e458d76b231ff385ca20cc675adffeee3189034586ecc7efc9
balanced_1710_11076dce,f75e77b7a79b773f77e3673da1826575c2fa9ded95a3494c0788b9a45655d9ff
balanced_1909_2f641bc2,8354fe7af8a58d14159b208abcd1c854b361be1a64f213dafad778c035b76373
balanced_8293_070c9c5f,6e94e8c482971b246a06dd6117dcc962e64449c864dfb586fc96410f98b2cb4d
balanced_4310_ee008343,67fafae5f05119d2b1d544563f4f92d1424d221e0f151c89baee2e65366e411a
balanced_9818_56ee426f,6ae0f740ab056cf7d470d49047534881dc3562b8b3d98329bd75b8e3c7ce1a78
balanced_3055_256228fb,a59f9f49b1c165a1dfc8775fea34f7579a58444625efcba5284881523ad4972f
balanced_5160_92f894dc,3b0eb11c887798b2e61371513dfb4004253e37effe4597b5f070779318e47a9b
balanced_3570_bbea2831,663365974181f8c3892f275353686066f52c4d5454460e8d062296066d6a16eb
balanced_4968_49ffe992,37264bf61056cc2a1d458afa420c4ef294b5ec86a0e789f861c827f8c2ded81e
balanced_105_ddc8b5ca,a56ac8557f58fca3e3efcfcc57a90bef1c1bcddc7e79d6f0281bcf3d26228e49
balanced_1027_271e0e91,5c9d68497509cfe6c3a358ff9b96d4179774315d1798743378ae9c93cfb08356
balanced_8157_9e50202b,0c63efea11c78268e89950d6a0f50ebe7c2b992261adca0cb75482a03d419b2f
balanced_9212_6ba93aaf,aa7b58bb10dae29cebc9113a6efd0421cd8bdf885d2d4d30d8d21644a929c944
balanced_4967_55c8955b,51f401836dddd17347ec83f1ac0e406d476e64afd29d2a53597c2a9504935622
balanced_7726_c451df91,1f977109d233d82a08b564b10a3c1872581a1db61d5b7e4a3791e8d8ce597075
balanced_1581_fcd3b84f,19ff7755b8bb5394631491f8f957d030d49d0704b46ee558fa64019fff4b575a
balanced_5162_9927187a,58dd8bc17e86a562605a955743a15830619d530cb671b346a247aea391b3168e
balanced_3992_c52e9f1b,fbd3ae2b03c36660ad3f98ff31477fbe61d75fe1fe279443e88af5bea90e4e30
balanced_2869_4ae0c72b,05fd87148f02443fb85217b09909423c9b13286e9d5f49c8faaefb760f941e44
balanced_3156_2d38c2a8,f2d246614f87941b70aefe7d36d93819eb3bc799a49a791021a1beab72b18d2a
balanced_2246_199bd007,075de7a4f5ced250472325cd7e69475cc4dceb6051f3d34f047de0dc4140a869
balanced_5340_c1964ddf,6f97aa79a224ea6faa0310149ba8d6d5eb7466578b9119b1db1eda40e88d39e1
balanced_2491_212f370d,1cbdb76f08a734779a4cc64f5f165b8619ac8a2ad215a49e835d0ecb321c8f44
balanced_8735_e7548001,1c0f54b36e2926c159458f664a21db766e2a9efe3cc952903aac6d09108d2373
balanced_6386_de007e81,c08abf445d45906244637664309028f95aa32d1418580d670f49e8fb30a7cdf5
balanced_8722_450282f2,a4091cb6e025750ce33d4679e12846fcc8ed3b75580dd353f37f8d0e31d2b309
balanced_170_0f3abb9e,0c96dcbe63be47ce4533d5baa480c97f4419737eb1fac014facb691f268eb8c0
balanced_806_ba2cbd6f,5c97082eeca609c2b50d18b1fb4e995e1defcf2f9616e1b2d18a6b3c7463d829
balanced_9919_6b16b1e9,2d3b462653c6c358ad575e9ed67b54a388caab2545e9fd206c0b88bb6ccfee79
balanced_3197_6f542689,17f1560e4f10d15681d9760e7d9a5ccf22903b463333e413a112b15a44fd5c08
balanced_6635_a38d41b6,0252e53d6affaafa3b8e4767ad1d1d3ac373b3d304378d7291c8278d2a7b3a61
balanced_7824_82bd3d4c,5983b42dd7f3834bf21291b49438be9142008322971966ab1fe0507dc1a7acee
balanced_896_9e93ed8b,9e8246f58706b3594338dbb1986a1e25fef3019b7a262f25550894f4734d91b3
balanced_6160_270b84fd,09cb4e908b6cfcb47b47fb2f3f23ce17283359ad357a388e571059fca42719a5
balanced_1738_9bbe8f32,27c2fcca50c7a3cf84b883af98e411976422c86ea3d1518fb21b5e41119668ae
balanced_7849_8ddfa541,4d74c86b6ab832e68b19de11558477cf9b9d4df0c23135815546c3aa524562a0
balanced_3418_c8269a96,f6c4332d3cf18d309790418cae43d2084ecc5df7e5bff81540bf96befb08f621
balanced_9313_2566e859,c7e9979a4e9218af53a43dde3e0fe7755e0fd164e1003d0490db5703e107b89d
balanced_4034_5d161859,b7e237d87796ce9fbfa730df9a767421dc962db303f07c4e02094236d3f9a2b8
balanced_3877_262a537e,75211666473cfec2ad6a564a0fb408d2873a43c897b9c4aba662353714e21120
balanced_2081_cb16cf3c,a95eb0830978eff4345dfc277aa4b219e70f7b59e657fcc15a0c24c9af663346
balanced_148_0076ad76,75d70cab4ec7cbc4d7c88d3e9493f6eceeb5c86cbdf91a0f7726d22f6a4ef44b
balanced_4512_b9f7c3a3,be69644fd2069010f5e2b66dbe3be6a4aaaaafb0174a88a06d4c1567b8ff5295
balanced_1447_edd92618,fa430f8e1f8b257ca27bde96f1f5468e63f8654beddcb57f2946c2ac298afc8b
balanced_2321_c1b1a1dc,60a08b43201fbf4342c8d97a600a3034394e039ba8b41818bd0e2d704fa3bdc4
balanced_9555_34c6a08f,6f974525a1fd5d74f4342636791c54b366525841533e011efea6b99dc66ba882
balanced_192_ef0cede3,89b167394f20af0c4630823337971d13fda1c38eaac301f3906bd2824343a277
balanced_2309_24834f47,aa54494fe7e6aa6058195f5b2adf1335aa1f42f4b7bd0bea2f1666d6deaa4125
balanced_3783_2220af20,9ccacc276215d10ab789c4ae12bc101b868378252ec5b6b1ec9c98bc7ecfdff0
balanced_2775_8f3a0041,10219545d368573a7463383b2e9bbf8faf33f5f15bd7eddcf93026c069c1b196
balanced_1537_0ab9255c,57b7be834fc250497601e25f74ad466b674a8b93445971ac0f3ea6ac362c296b
balanced_5201_6f4d3c47,cf5522af3b699a5c7dc267c30dd079f451cef4f62fa3b74f2d0d96951439e190
balanced_4900_8b51c8a4,b6cfbd1d0d5eb783f779bace75a27caa6919038fec44d81bdb8e1a3bb1856dbb
balanced_4556_3af0bbed,a7d4cd59f2680d294b6b14b81f7bbfcb1f3130114097d83cf6980ead756e2a08
balanced_89_37ac15fa,049c575a2e87177ee297806bd9438352c0752a24429fd1f3d76fbe44bbaa8173
balanced_2674_38f0d61e,96b0598eeb0898ccfb52f97889f621c8aaf3b0896b7b2eaebed9089240df9bea
balanced_8243_2d1d2712,6f139880bda9ac6faff0bfd01da021c084b44fa6c34ade1bee6ca29a9193470b
balanced_5816_3aebb26d,6a851486e05a3120f150cb23a5915d5fd2b528b9ceb8462547fcfa822d492de2
balanced_3797_0744c0b9,146e260c2775cce1af961ce3ff0f054e1d03d1a1286e1573f9c1598d5b26dee6
balanced_813_95f19eac,aec76d2cf30481bc469197c716cf050b8635f832ef37ef31b4e274256641614a
balanced_8162_22ca0f36,e21fe7258a09e6f741063c8a534799696b8dc64b97d87dbcce0f88e8c5d99aa8
balanced_6899_5b666810,0667d088b74d11d994ac2a7c663bf90f0795c53023b055cc6ef0c1ac272c54c7
balanced_5118_582cc8f7,02ade9d7987563059dafe3b8027ce3d8359fa8a387e523c83565f51b38f7b47b
balanced_6456_cc39b4a2,471803ab1d83c8bbaa69ce8f307470c96a7f6a7fbcd45ca40bec6f7aabd9c9e2
balanced_5389_46b576a7,95974e715b5c8259ddbfb164b4db23d1df857b19e10baa456331aaf2a8520ce2
balanced_4314_8a8ccb8c,5c1b65cf17f5dbc6019d174e625ef560ffb9eafdb01ea96c67aee0f7e03faf83
balanced_8208_5b349e1e,9a32f8d3fe0f17b04bb0adaf3bc9de7cae28fd813fea00657919845a71b2b842
balanced_2581_96d848dc,5edef0755a07560a330bce6bf8523b420de483bc95cebba5d01937cb79171e64
balanced_5853_20561893,1580717723500a6581b2a0bac18e85af3faebd0b2dd84c3566f58fee4285e82e
balanced_9565_b82b8d90,7603476c34adfbfa59b2bd8b21dbae6749800666b64e37a5562222fe36f1588c
balanced_3965_72f7e68b,ece855af0c216940c65c4cc18cf54bae318883ed42c8685d2768e50034af8b45
balanced_3829_7f04c558,3ce246550254aa437aa4078795f9494e87edb4e593a62cc04c145f4de5d34e1b
balanced_4166_4d95a08e,264c2a1767049de3df963065555d88daa0fa457e966583e0ef9e543fd878772c
balanced_4124_4fa36806,67c17786c9702ce9302475901caf5e0199b8b2f1a2486909e73d7a09d91dfa39
balanced_5156_c044a5ff,92629789ab6e77b6db2a092df8155630ad3f045fa232047f98a7313e1f7d018e
balanced_6743_00eb1086,adf366355826b0a7ab48936705a7f5c103ba65bf26ff279f9dccec09e85771fd
balanced_1967_7bcbc481,49a3925417f162814a56a1f9d2078ad990f6aa120cbde541599c57f186cc0336
balanced_2478_b5725b85,4f42c6365c88c012a304c1e0d90b0ff1cc43bfae0dd83cf4a6b3884714a75a02
balanced_4024_4d6e63f3,4b188ee346da70f4a66174c5ce6bc078e4875580271c2d10a42b9fa92604fb4c
balanced_988_8450b411,95720c8a7c0d9ab19015c470af72bc4eeea0fca07fae2ff36a296f246e1359a4
balanced_2354_2ad7b139,d630345a3dce1ede9e2f692a3fb13673e702a1dadde6564ff7e17aeaaed92bf5
balanced_547_7f938f5e,5f912641dd64d87dcada18b18b130bd75b275c5e486aaa629d91d7232c7a0fad
balanced_2297_a8cf6f35,e419249fd4f2cc99dea1cc3482dae76f03a603c804d484b72dd71ef6b2c970df
balanced_1005_eee467f4,596b37f90757a6e0c64bac3f10ca19553911a285438c8dca29102b6672a464d1
balanced_5282_2a389c67,290d48bd956742bef280ebf463b0cf328771d31b12eb530ac81c2c62e9771bd0
balanced_8093_7373768f,63ee5cb96f5fd69a336146a873a939c147ae272d4b2f10ac65d43bddb796b177
balanced_8235_69b10cf3,592cc9577271c1262c5209a8a0e1abcf1815a2af9088e14b3ed9f7fe3ec0b5cd
balanced_9660_c35e79a6,51ff392b1b5a1284c9fa6985427e3887b2ebd1aa18d8fc5675dc8fc749966cba
balanced_80_c29baf78,3c6724f39d534a17144520541d3ac4560ad2e40e88bcf0c5be7ebfe038107c8e
balanced_4301_9b875b7f,6eaae503c233c31d2f9b1646dc020fa5c9bf15628a2da6d151599c4f06af53a6
balanced_983_773afb7a,df400f2e1372f936fec30a3c6791eed54c1bccd4cfa8b31a0ab8dda173ac7ab1
balanced_2242_04cfe3b8,74d25fd2d3eef0c59c3976c25dd0776f56b9ff647926bc1402e71d8b7d60093a
balanced_9205_f971701b,0dd06507278742fbee3c5dd78c2f31f339ea4bcb37ab13ddaabe142424dee333
balanced_5202_29764e1c,fc2767f078789a2dbd7d04a2b0d76de7eb815d7d6e825a0a9aa04eebca567a47
balanced_4101_5ea37d39,cc7f573e0f4776e4bb86f791dec1f36fa32b30bac8449a64c76b4374ade17926
balanced_4912_b6de59c4,a853bd0bbabbde502252cdb469282ad1a3409f8a77f9465dd66938956a74409d
balanced_7468_ff235557,5fbe5eb510d2ff2053c94974e4e38af60d222ca55b5c20c9e1a2989fa9f138ae
balanced_9878_2356ec8e,eca18d0c7feb6715f15dccefc2d2e0437f91bb2a4d71f7a2f0f3519f43e79274
balanced_3014_f5624e97,f08718ed91617f83b7690a043d926c98af97a9bfa5b5ad662a724222119dc367
balanced_4761_7362cb30,51ccc1e92f06ab485a353d16ba5fb69786b144269fff8c531f9953817a5e162e
balanced_1733_0e956099,b1d0f9b064ef8d40cc93829e74adb19afbe11f4b09533041ade28ef4b5426f14
balanced_7479_401ff868,1dc4aea10eae7e719a5752bcf4a8fcb5e986c7b3a80f003245dcdb1468d9b03b
balanced_4107_e4db86e2,3ca68de02afab3c5c18e198dd58bba251ae95be492f6953bcd3818f70fda32ce
balanced_4281_9c708f31,3d7c3fae047c487c4c63964b230975ac06a6c1cb8d338e9ddcf2406876fbcffc
balanced_5073_5a83496f,549a1c686fca150881c87a77df76dd7798b4bac4dd741c413bbe8a58fdde143e
balanced_9665_f9da0bfa,1c245664a05835107f7d4b8184b47a16ae22bc31213d8046b8e19c81a477a482
balanced_2643_158e4cda,5ed6af32657722933fa54ccc5020682f970988e1acd1ff844ed1e72c68c5a47e
balanced_3198_fc9de081,13466ec91bc3c9c61a43e165489d13f19051bcadb32935e3fc835c71cbe81bd9
balanced_2400_2a5af392,298cfb12aa528052698a834813cfdcd0787be64e760671132312839951330478
balanced_8468_5185b5b5,8cc772eb605898a7270320807c4cd2dda99ecd184f70dd4f5ba4149d31928ac1
balanced_8648_9f4f171c,6b96580a1d31b31a7bac86cf2d4f40b93fc7b69773494faf959ad872f70b1c12
balanced_473_f8161979,8f27f526f3cb67286176e334495dbba49aa5e27e175bfb890334c094d4da116e
balanced_6727_663155c8,7f64bb215f461ea018eb775a9658a7022abd3e427e1a471ba55a3297c24a3ea3
balanced_758_c80f627a,40d1a08b89cf147b4d13d8ede0ad3713e5b287e06df9492d44e38be8af107894
balanced_116_f27f66e4,2d87f64aab11cf81614f64d13b5e2fbdbc716b1197947142755eb4a6d1fcc56f
balanced_7476_00dcdd41,e23e7750ea37462fab053dcd0615c4e718058ae60a8e69ce4ea312cc511bf969
balanced_5402_dc919a5d,e09a2db9f61a4bd1505aad7bcc8c50e01c46faff0d0aaafcd76269c8cdc53583
balanced_4202_03ee2883,77d53199105ee4d9302a9917aa7c4545326f63a6fd1c30b7c1f86c6ad9469c2f
balanced_8210_55e7470e,3122416c7769e0120c3dc394efb8992ff9e6497da61026e1e453b0c00559c200
balanced_4838_43f4b1b1,e9858fdac6b4be3a0b83a03ada8ac8146a86f59fda9cdf9e0dac91b657448b8a
balanced_260_dc41d1f0,f25cd9f87401c641219f63323930d8bd63612424b3c6d22d0801a94abbff57b7
balanced_363_14aca9f4,4e0d751660cb02f75c99b4cb3e090cf66294cf4c03a44748a4a50823eb35971c
balanced_2169_aa2b0a92,c2a83fdb2c686b8cf5583eeb7625595f0e7c05d0f676471750beed40dccee2c9
balanced_5307_13407cf0,0a78db6d735230daac7c4306a456a0196ba9c850df51b6e0fdaeb58ddbd2aa54
balanced_6151_615cadf9,42f76b6526d48f4da0616d81c2f82eadae06a14402eabb8746f1b05a2cd9febb
balanced_2743_f99fa26d,f9c6ea419c7a95ae29318bc410143c25adfcaebabcf8459497051d991c6523a9
balanced_676_3b53a1e9,6b4dd9f1dcfeca7327230b8e09b7e387ffeb351d3ab5e4340bca08c6f539b3ef
balanced_7130_5b260e2d,0a2845fad1c62dd7adb279e461f48e1979c43a748d4fe00463de43fff5cffca1
balanced_5501_0172b7a6,5f34e9715b0727c7c4e33875ab0f6149f91ceb9c245a1105cd1d19b9aa489358
balanced_3028_41af0217,484501ca752202be87bdb13a3b543e6bd61274e9c83299bb8ce09a3efd47f480
balanced_8209_44d09bbd,8590afab0c278833a23456b77963bb2491d1d3de3cc18d53a7ed7c6f34cb0ec3
balanced_3477_d956ec1b,ec8dea7d178d2f4ea1433c86468dda029fd67ae4221a41c985dcddc2572555e4
balanced_110_301c031d,1385d316339d1c5b568f72afd26c14166f0055c4c63672dce8454e1a0be1f55e
balanced_4143_e12e8dab,a1e4de60524661f90a7e7facf7d2de37f182831a62217f89d98424d06888a304
balanced_9328_259d1eec,76e90b79fb6c1c4de14414573f1e292f6d3f0183de30a303c8dcbe1901f10496
balanced_2429_f893fe7b,43901334258e9932dfad90d86d11ff873ba8779c7b11c8bd9975d0c082808bf3
balanced_8489_9dc23ed5,249f2426aa23477631f57912498f53eeb17398cf615ff08e6c27d2e79a391a65
balanced_4592_779bc0e4,4dcf2050baa8573d06b93ca3bdcf846c1fcb27315cad910ffe31b2cbda265ead
balanced_7447_bd93c38b,7d40246edeb6f6cd04c690640d3f22cc26b94e923ef28f7fd5e0ceaa2ac6c516
balanced_7623_58928e73,53bdde102959bd0b2adb7e9f2ba9eea2bff37dce9fdc823cb1e30275898c8d0d
balanced_4887_0da0c5c3,bdb617ad0ee8540d2ab1801479f1795d47b36e38756a4d6a553c23bb8f9b7c48
balanced_5398_951a237b,64d742362253a21a9c8797647802c6bf781d93a6fe97cff738bd3304285f972f
balanced_9085_664fead5,3bf90e529538d69e5e745ed4cf061c3beb6157065849030fd51eae24b78aa598
balanced_4001_548a6039,a8500eb4c5aea38e86b45ef28a56ee4205769f31268f5c97272d6859fe2067b8
balanced_877_084a4fda,07a21a811f3b9c867eb8968d9f0759224217bc2b013fb94140236e99ec72c39c
balanced_1781_269d8c69,2fcf3952808b1235921fc9d511b11fd55b4fac8012937f37a8f9c219551a024c
balanced_9653_cde9af51,ffad45d4f0d7327231b9d98367a699659b02767e059e7a536f211993b3cfc077
balanced_5455_2b911183,6f3037b199190eb7516e001fc1d44c198bd3d31437d3736938e8c0aab12b1f11
balanced_7885_222c0238,ab39c0bbd27a446e653df7cce47fa3365b74e57f594e35730d171b28befe328e
balanced_4120_215ed6f5,e8ca76ee6de78f14760d0625c7b1eb91734fd144ce00e1ca31e7b3d541cdbb8b
balanced_1648_ec9b5563,510cf0f6279f2f5fc3b042462beea0b9f65740f29bce2617e5d8c4beb232cc47
balanced_81_91fe767a,e23bda4a0c221d672b7943ef19600a7a0c43c6a07be9395379487b80e6b94283
balanced_8232_14edd623,cf7f2411a55ba72718246d48cc922a18686051415d4037e3e9239a56ee528184
balanced_6025_392a15ce,858220bc82e33ae1b0a55b51fd48dbc10c03323773a73cd047ff5290cfb736f2
balanced_7818_3349b3f3,ffcf6b90d6d80ffdd30b8446aad8d701b4e6ce7f18fbfe66b0f26e731aff349e
balanced_85_b882ef97,35aaab18d5382753d89a4a75e490c4ddb7071614ea6b098a2057590df1ca54c3
balanced_8652_4eb7958a,3370a039056d8b1f0a99983ecf90a5cad13327c675d9e4d8af93ca98b6aadc10
balanced_3905_34731cb0,af14ec19e679ae9edfd7e2ce17330149bd561084e84cc3d33e3f177d9a57358a
balanced_4615_62a441c9,19b43932190bec6d48104e3ecc586d26d129b43d78f57548a701d5a4a009b9cb
balanced_7557_cbb826a9,d2dd416dbb8eefbe1ac1a375c6b115ebffcc28df61492143e0382271aeab450c
balanced_4574_dc0c2d2b,3e3984ab68b57b9889c8ad8b6a3f05e26358483bc08d6a40c0a7f63fe2fab718
balanced_4203_341629e8,6dbec9e7ed3d0fcd4a2b62d73b87932bf0f4c99dbc77f52699856efad95641a0
balanced_3153_bd2a6835,3620d0f32df3e8f2741ddd110bf37f78c300df49f38e5ad2e058153b63ee902b
balanced_4662_21a3abb2,5b5bc28f7323404cacb8c181ce459e2a9f5da2d870ab041ad2ecf5c50a3702bd
balanced_8700_d26b3df7,8206112076020dfe19dacd015ae29517ec7241738684263e13759c0bdda89acb
balanced_5251_584a9fa2,5df47ff6d6ecfb30c80a99ebea07e830dbfbf55ab4772f163ad84bf555ffb80a
balanced_4819_755c7091,799ac266556d47238d93163def4d8ceeb1181a1634b0064e28b6eb06b52a0650
balanced_3038_42f8e3af,992ccfdb864847581b69010b8d63fea8b65e47e0ce095a3680d875ccead295a1
balanced_3340_7cb7f292,7e3782ea04e94428d9e281f28c608fd2a737699530c5eba75839e2b293985f7e
balanced_1333_6e4462ab,9dad38c190e009118f41317a33ffd82653ba26129bfc33250859b05f254cfb98
balanced_4884_39fc677a,749ee0ec3b114447a5850885608e46e131e868c294ad1da990f79e59252e3bab
balanced_5218_21190fff,6da0b0e26c69880ad522c87ed241ca60009917c06ee3b0cd69f367b84f20c5e4
balanced_5945_d1d03d5f,9a9915c91c900f014c5e3a23bad6fa5eb01dec144e22c23889a2695ff9931631
balanced_3840_787e5b1d,a4f8dd4ff90220fe7810c1cd077782e0165ae7dc98813699264aa30955d387b5
balanced_1699_cc78575f,198f8b0ded13fa13f673f456803c1fda63c440b2c03f672c63f78cadb18d8bef
balanced_190_08c05ff4,5bd171bf714ceb812c859bf83e54feeac197dbf1c48fe0a78966b9f198ec2fb0
balanced_7148_6bfbfa9f,91b2e341b4b0751450a122121945b5e8f48b49c6017e5887c55ed92af621010f
balanced_377_76a22e8e,e354a850334126f8627d14862ab22969ef79e876c776b47b4ba15f16f7ac724d
balanced_7092_679cca03,d4d8d88e7381d613f148c0716bd03eeab3a5d56cd71523b6e7518bdd3a96e138
balanced_5544_34cb4210,1d147a18c92f064a101031ca8905077f75d4304c9b4379dd4486b5cda47f21af
balanced_2720_0c197b30,7f4bcf8c6031aa7b69eb3c44b88d5d14f3e7429baed6df67a75ca3ab724ce7c9
balanced_7211_02cc620a,388536137d6b15131a0944aabb1c6f048ad4a0cd09ca013ee193ff4567af0ee7
balanced_9627_41b56bd2,22b63e33a96482ed3baccb3d272d140c7a65b66b5f260b4c8e74da1628b1a4df
balanced_1345_8bb3e9b4,381bb5f04e71d73da5e68073aef6a4d9e14499687e3e42d2f005c31a83cef09b
balanced_7387_b7813431,8e74cda9226b5de4fa14e0b6916d0b35223b51dcfa77ce378ed47ea127364d03
balanced_9004_eddc356e,71539a70a782b9a92adc920763834f66ce18115a20b1c37cb2195b4f3a276f71
balanced_1282_17c29564,ecde535f178124b274c48af16a6af1812056575672f8ecc4bfed58cf37c90506
balanced_2179_f4fee47a,515aff7e828283903280c2b7316f3ba405dee2d53cef850336b317e116f2327c
balanced_9236_35850f84,32bfda73850d75111b22b3ccea57d5c117071e190f74fee5d0a68e28810de88e
balanced_7002_ba47c789,64ba10bb01dac782d2f19aafc1045f6e9e471cb4bf4dfa5c255a363daa10d617
balanced_6168_3b7d1549,52931b2400145f23600d6960d265a8aaed1a9f42034b29e3ea7043d226c79af7
balanced_1428_d3ee585c,9a08766be8580cc0876fb8ad21304d7bb1e4d647cdeb98cc3a0e471acb19e56c
balanced_8605_b061a74f,193c225f36cfda9ffcac0461d8f04f2968478bb3e03612858d4e4403cc7080cf
balanced_4841_1d3ab0da,3f8801070d91b669f44a15dfe071e86e1e42913ab7113ac133643029c170c1c9
balanced_2270_380b8519,22b8c74db9bc9637dedf148da6456e3cddc017a68c8349e2bbaacf39153c159e
balanced_5109_0e4ebbd8,6c0ecc7e02a03df7a9ca9cd431d2819d5506a691611145d6ca3bff20cf2f5f99
balanced_6023_0a1f59c9,48c0d7e69a26cbd1cc7d222898091f1eeff501d86c5c5dbb09bf09b15a9fbdaa
balanced_6309_a4422caa,6ab9ef792889a9f7f95d9e72fb47f8a075f664e41ca602b68937ebb8aa72fd1a
balanced_1457_6930e8f2,7c3fdaaa562c32f7917a3622b9dd07e22486da333c090706556e5d8d829ded0c
balanced_1736_9c59e2a3,086d0a729b58222fb04c28ca049553a4333814f2d96960bbffec6f10c14bb38a
balanced_2269_f638ebea,1b9f7fa4f699a8852ff5b0b01948864533c0cf8aeca9d6a989a9a8b58012af07
balanced_5177_71aa7875,818fdd6d97c9c8bc5d67cde47d73e2ffcc03c2f3c4420278d2c152d3325010cc
balanced_5677_882a38b2,4701982d6352781674cc5c9e839470baad5ad8de2094b561f2298c82b6c9c07c
balanced_4976_26c3285f,3e7357844acb2ef5508cfe8c5c3cb738489c8fda2eca8608da6213fa3b5158d8
balanced_5910_04e2d003,1a385f1cc381e411919b759ac643169213d9b99fc709d77cd930fc917aa5d8a4
balanced_8545_16d61f85,233ff5dcb4b806e9e4bbf2286098ce26ba6af0a55133293f60682056bf681caf
balanced_9121_8f97347c,0e554b0b1f03cd587a2d189c06111b78381dbf5cb1eccaa601a1f294a08ab961
balanced_3348_3cc7830a,8c6dc2510d93e5b07a443d6fc2f6410e3b1ebf7802e0e8c2905959dd9cf244db
balanced_8183_661e7c2f,be02dcd1caa7007214663e0dd7ca38391bb30757e0a3005e7502b1547241a30b
balanced_2924_68c9a7bc,2088e6316c6899f69b12ca9be15b3e6c6bf3d96c5f1e8a25c5873aa22ed954f8
balanced_5951_3375b649,323f3bdd691c69995f3b947b68b3a19b5e42ec670a26e10b13f1cb6bbf06825e
balanced_1803_0cd205f4,b66e13807fe8c1d8f44c41fb4de31e016fc6cbec48f805e136177461ad5dcd1c
balanced_6673_99c93637,36c5749faf81d2c832620de6d674ba5f6325d8f4db018bbcaba8cfc4db6dbec9
balanced_1114_989dbc36,8d7391aef38464837946dd4fef533c7656743766fb503e41cac6e175e311a5ec
balanced_9588_f375f09f,6f634ffcfb40a7734e44e2310b7d15eb979bb39c6f9d7e800dde870f0e41f413
balanced_6761_59e88ca6,cf96f8a259f2d42754851050a5da8a76d86d6ee30547f735247efd7acb636549
balanced_5963_829db439,87291106c3ab41e1c669c744105826d7cd7fb639ec9667eff43d02b5b140a2a8
balanced_7052_f7c25838,d128701891b14d298bf20822bb7d01a216ae55bf5b94d80c5625a455a2e56469
balanced_8990_b4971aa9,1d48e3884debd8f520735ab5e43dc791b82327e259a6d31c98d53c74b1677f7a
balanced_6031_5331b5e0,4bfef30690cb01c5666905423033c5a55989ebd3fa431f21b2b234252111fd0b
balanced_4492_d3192fb1,50438bc556e6e2e01c3ee5f49872c9af025de3f44022c38bb17f9485509b094a
balanced_8632_408718ad,6e44006ef71d1a3a337193b892d11d8e0aff72d6fb8cba4e4ee2c18d95db6fc1
balanced_9403_d463d9b5,c149e2f15bfedf27c72a9f3ed85e6d956621b2c5e6e898f14e687cdc58b4903e
balanced_2216_e5cdf846,a7a7ec7102fa1dd73b29b2fabfabd885e95c549e2a1d64b4061c4da1dd9f433c
balanced_6551_b95f26c6,54128f8383fefbc3816819892575dbd82366ac2737d79be23e82686bc26e593d
balanced_7263_3dedc835,b688d44a78b285dcdf93a67d3cc010c8b58fdf7b3a82204ee8516d1260a66512
balanced_245_1da9f9f4,4f1f1c6564aaf07c33f15d9dc92f2b0e68979edb8a0cc740c123069de679840b
balanced_7026_c8d0ce14,b1b209fdbc9b5c4747cd88c83045e75153928dae1187f145fee4c2a583ca6c2d
balanced_8964_5b230b51,bd22ea154991be36710a8c78f3a0ae06f49a664cae741f4e490ac7324dd117b8
balanced_1953_498fe4c3,f03bd69219ee224b403965a34427fff85d976849e989cfaefea2bb5e83b70b82
balanced_94_ad7b03fe,2d3f7de99b04f904317460b79706693496d39e362b826d07b465727285c6c426
balanced_6848_bb566ff6,b1f9dcfc64daa70f47675d1b66820d6e268909346ed23739a580807ee13f914d
balanced_9257_596b8d31,edd994f5d2238967946e1632f7ada2924a9a7784a9b6b2f9a2b710076c1d6094
balanced_6642_1a1dd84f,7782929a03ad9e793d7e7eeb92df6c9fa3c22823f64361e2fab8e2b123014a3d
balanced_7697_d5547431,8effadc563bf09231ec59d26d019f87211667a40416b9ffacc8d579ab48ef2a7
balanced_9911_272de6fe,c4da50671da7a8c6570f7dae47fa7eebd8834a5865d648411cd15862a381800d
balanced_2294_ad34a33b,edd9b5a76813b7d88b12b5efff425020b11964df224feee6bb401a4cb6799452
balanced_4904_c8f51305,1130c714a7366125172fa57cfa0e8dda6bdba762b173817fb9d1349b4c3965d1
balanced_8192_b0e4c59f,470898af746f217a9a8420a820fac6af31e73d8e3a4e29ac8a25f43e499988fc
balanced_8061_f458e2e7,db04c5b50607e99060911dfca54d9572968c1cb13fe7b6fffd6df9d00673684b
balanced_9148_0105030d,a9e3e2675cca3861e111e6e30b1fdd1a887d06fb49dbb1667b481690bcaeb9fe
balanced_6695_11ec0fd9,7439e2bb181a82f5f7ba06eeb50e330a00d288ef27b7a11366d1446a42488989
balanced_49_bb02ce5a,2ed12bc100fb6c95d2f3f58bc7ee095b7de0e7cf65d4a8d9c0dac381aec52de2
balanced_6250_25da1136,243a6a07e8dbbeb98e429299fb60dab78becb99a275affac49ef9d4e122fba20
balanced_2794_d24a027f,982c8e2acc93a81d9c77dadeff2316a245abf50eb8aa74f60d7a219bd8858ac8
balanced_4194_5ffa2025,93d4025c7b7748ef0109c0487d3fe6c969adbaf5c1e98a641668eaa7669f61b4
balanced_4171_93015f2b,25e70fda5306074a314e0c14ed4de1f2fb0f0c50f5355d03ce113edf1e2da7a1
balanced_816_cba97718,578bd54f82877f784e655e742040303f7a03021d7e3ba34f92a1b823e01925b0
balanced_1727_4abae7be,513f8c5bd7a03ab1a4fdb65a64fcf7805c5569cd230b71a1cbc1285c38468892
balanced_2931_f8a7df72,c3f1221a61f1d7f3d1468e378e378ce2736d9da47beb27d0ec4cd1cf2012f920
balanced_7108_9dd55f25,71276a67ad363595fb2267c77bb17d34575f26dd9061f2db6d0e5fcea4077a3d
balanced_970_e131f882,878587e8ab5a7dfc6a1ab92b8aabd97f0ec735850a57d38b61053d5226d812f6
balanced_5010_06d5cb24,0f8827478ab79c81d67ce6ddbec838d4879b85c2c9ca91bc4d6e0fe9fd8a4f11
balanced_2736_e356bf8a,938131d07f78bb233198d355d88d8cfa9821a194056d0bc4f8ead00ba40c7865
balanced_6380_c4bd18a6,3dfdbb2382db63e009a8612c929896264a48b316586972f141e211a93a5576e4
balanced_6010_1057bbce,a4e6f665cd181c36d352e7cd84afa3121bae8ba0d3136be41bc02b545b6f53a8
balanced_1653_916dd6a7,067632287f537d0af0610069ffe3f548af5dce308ce17bd4dd728c7bd80f2011
balanced_9584_0904309e,f7075b98aeda83428afb7dc7ae705aae947a4cd49980482877cbbfc4a667519c
balanced_3815_563110c4,fe621a7a9d0bf4a4ad0b0ae0b7b94e88b40d92b13a8211aae85b39258b526771
balanced_6820_1c892c4d,1f90cfbe8e48473577016a8dd4bf774a875b631ff7c2cc50a367b050264430ae
balanced_673_c06d727b,b1efd4c552ad8d35915d218c771fb1d43928a00e1995a903663f5bebe5eaae99
balanced_1405_056df088,9d83daf1cbb5e36409cfe190a1ba898de0e4bfb4d5c884d0c17756380dccdc0d
balanced_6005_3f0e4f24,54b79b7f1c1a22feb086b378f6f1f4270f6b9ee857397ed79e113b51195cc501
balanced_4062_201e7b05,dae883b07f75f98ea668c66a20134b7e3db2bbb8442762bfc8c10cf2268ff1dc
balanced_8896_c7ecc74a,5a5f7b6b325a8df24e9f692002a541d606e2f7fbff2fdd5a111d3c52d30f3dd7
balanced_6399_f45614f4,a4a7c610ce6c1cdb71adaabd81681ded5c37aeaecf40606ea5f4e5fc7ac95376
balanced_6933_dc995a41,9a11ed954ccfa9d81ce6d5c3fe935392b1baec440245a177778ed887a1a3aab6
balanced_6178_ffb3b9d7,362f5780591e3540d8671ee23784af5872cdc5ea792cc5002c639d0dbe9a5038
balanced_724_46ad5194,a2186502504ebddcb61601b8767dcc58866685d67592b9313e66d1d7a08a4c1b
balanced_6923_108fe846,989e13dbc0cb7a9567a32c8de254699cb06c9218e8e47188241c2d908d32f527
balanced_471_54db68b9,39c2b9853c47064696606957ab43c1c8eeb7f84ca76424e9dbf7af08c4b934ce
